Country,Month,Department,Total Revenues,Total Spend,
AA,01/01/2019,BM,0,0,
AA,01/02/2019,BM,1346.603916,2798.676,
AA,01/03/2019,BM,2292.68715,14258.0494,
AA,01/04/2019,BM,3097.576965,16471.23029,
AA,01/05/2019,BM,3657.353071,20407.452,
AA,01/06/2019,BM,3909.804511,13189.212,
AA,01/07/2019,BM,7755.368845,22509.99737,
AA,01/08/2019,BM,6762.32946,19819.9924,
AA,01/09/2019,BM,6740.32128,19555.55846,
AA,01/10/2019,BM,3010.101141,2694.1265,
AA,01/11/2019,BM,2553.774569,7481.628015,
AA,01/12/2019,BM,2317.617054,6906.3148,
AA,01/01/2020,BM,16050,40329.31162,
AA,01/02/2020,BM,15090.42857,35364.73796,
AA,01/03/2020,BM,17314.28572,38401.58605,
AA,01/04/2020,BM,18214.28572,35733.85043,
AA,01/05/2020,BM,16575,39050.61529,
AA,01/06/2020,BM,21041.42857,44222.01142,
AA,01/07/2020,BM,17051.21429,33114.36005,
AA,01/08/2020,BM,14312.57143,37243.60019,
AA,01/09/2020,BM,12214.28572,24336.10039,
AA,01/10/2020,BM,12836.57143,22954.76062,
AA,01/11/2020,BM,12343.21429,20426.21472,
AA,01/12/2020,BM,13772.42857,23930.9184,
AE,01/01/2019,BM,5629.811315,3743.122286,
AE,01/02/2019,BM,4688.204652,5610.42857,
AE,01/03/2019,BM,7015.7619,5596.1024,
AE,01/04/2019,BM,7141.17299,4501.6356,
AE,01/05/2019,BM,10014.86151,7087.9347,
AE,01/06/2019,BM,11700.40112,11431.02857,
AE,01/07/2019,BM,15013.3973,11846.65157,
AE,01/08/2019,BM,11479.93568,13141.43396,
AE,01/09/2019,BM,11571.10318,6143.696915,
AE,01/10/2019,BM,5585.75784,995.629143,
AE,01/11/2019,BM,6295.27101,2749.790058,
AE,01/12/2019,BM,6812.95462,3039.4868,
AE,01/01/2020,BM,18786,17765.41094,
AE,01/02/2020,BM,19864.28572,17982.31694,
AE,01/03/2020,BM,21617.14286,19668.16015,
AE,01/04/2020,BM,20357.14286,20060.8665,
AE,01/05/2020,BM,22408.57143,21690.42931,
AE,01/06/2020,BM,26305.71429,27902.56255,
AE,01/07/2020,BM,21840,23676.60301,
AE,01/08/2020,BM,22385.92857,21746.75621,
AE,01/09/2020,BM,20444.64286,11501.8787,
AE,01/10/2020,BM,18975,11797.35576,
AE,01/11/2020,BM,16100,9147.092785,
AE,01/12/2020,BM,16413.78572,10419.93917,
AR,01/01/2019,BM,2876.346765,4175.3068,
AR,01/02/2019,BM,3428.091103,5750.714285,
AR,01/03/2019,BM,4436.107193,14389.26172,
AR,01/04/2019,BM,3427.319674,0,
AR,01/05/2019,BM,5101.47281,11982.93737,
AR,01/06/2019,BM,5661.7536,16955.28267,
AR,01/07/2019,BM,10487.91423,19903.74872,
AR,01/08/2019,BM,12349.0956,12681.9264,
AR,01/09/2019,BM,12266.30611,14631.2244,
AR,01/10/2019,BM,14199.21117,10868.468,
AR,01/11/2019,BM,22335.19084,14295.22286,
AR,01/12/2019,BM,26853.87466,27270.25715,
AR,01/01/2020,BM,26938.28572,51789.1212,
AR,01/02/2020,BM,27437.14286,47232.19351,
AR,01/03/2020,BM,19702.42857,24315.03315,
AR,01/04/2020,BM,20177.14286,22427.01998,
AR,01/05/2020,BM,21504,26366.18004,
AR,01/06/2020,BM,27544.85715,27465.87917,
AR,01/07/2020,BM,25004,29303.77124,
AR,01/08/2020,BM,28468.57143,31378.22216,
AR,01/09/2020,BM,26660.57143,29536.77184,
AR,01/10/2020,BM,20571.42857,23199.87639,
AR,01/11/2020,BM,22921.14286,27631.63018,
AR,01/12/2020,BM,24336,33938.28605,
AT,01/01/2019,BM,51731.50725,58833.1796,
AT,01/02/2019,BM,37914.16095,44512.73143,
AT,01/03/2019,BM,48599.3012,28379.60872,
AT,01/04/2019,BM,37454.27235,40249.41143,
AT,01/05/2019,BM,44698.95729,46151.73383,
AT,01/06/2019,BM,34203.81495,45190.584,
AT,01/07/2019,BM,41970.39215,59312.604,
AT,01/08/2019,BM,44249.14035,54291.341,
AT,01/09/2019,BM,27617.86857,36736.7906,
AT,01/10/2019,BM,24817.02455,30624.99583,
AT,01/11/2019,BM,20131.91833,52.20401435,
AT,01/12/2019,BM,17523.81303,13535.72277,
AT,01/01/2020,BM,49005,54829.93965,
AT,01/02/2020,BM,42560,54278.93205,
AT,01/03/2020,BM,43871.14286,54292.65085,
AT,01/04/2020,BM,44512,51578.39175,
AT,01/05/2020,BM,49057.14286,55808.5524,
AT,01/06/2020,BM,50400,63511.5444,
AT,01/07/2020,BM,54285.7143,57008.0564,
AT,01/08/2020,BM,54874.2857,70641.16295,
AT,01/09/2020,BM,57168.57145,42210.49812,
AT,01/10/2020,BM,37457.14286,29649.43908,
AT,01/11/2020,BM,41897.14286,14581.39326,
AT,01/12/2020,BM,41250,17803.96584,
AU,01/01/2019,BM,170053.9269,165381.1029,
AU,01/02/2019,BM,127599.0493,155516.064,
AU,01/03/2019,BM,145835.6653,73215.1056,
AU,01/04/2019,BM,108732.6039,94549.5167,
AU,01/05/2019,BM,117602.5771,85519.2461,
AU,01/06/2019,BM,85747.7682,70796.1161,
AU,01/07/2019,BM,94600.31225,78486.375,
AU,01/08/2019,BM,81502.6611,69756.5635,
AU,01/09/2019,BM,83233.61635,60610.815,
AU,01/10/2019,BM,71070.692,54988.584,
AU,01/11/2019,BM,76904.2799,62388.10685,
AU,01/12/2019,BM,90784.04485,169187.3229,
AU,01/01/2020,BM,201600,172183.4645,
AU,01/02/2020,BM,196251.4286,132633.784,
AU,01/03/2020,BM,174857.1429,111608.8422,
AU,01/04/2020,BM,173460,113905.9681,
AU,01/05/2020,BM,149795.7143,92193.40155,
AU,01/06/2020,BM,123364.2857,87637.83815,
AU,01/07/2020,BM,113725.7143,74769.93175,
AU,01/08/2020,BM,106617.8572,73900.40175,
AU,01/09/2020,BM,99840,77220.31855,
AU,01/10/2020,BM,95760,73600.97845,
AU,01/11/2020,BM,124571.4286,100598.0537,
AU,01/12/2020,BM,173485.7143,146613.3958,
BE,01/01/2019,BM,20022.11079,24849.48522,
BE,01/02/2019,BM,24789.09624,27721.40015,
BE,01/03/2019,BM,24455.03023,34276.87183,
BE,01/04/2019,BM,24454.69997,21864.00823,
BE,01/05/2019,BM,22408.73034,26183.4677,
BE,01/06/2019,BM,20703.46263,26808.34526,
BE,01/07/2019,BM,30501.22337,45397.18857,
BE,01/08/2019,BM,26928.73214,36054.54715,
BE,01/09/2019,BM,21764.30387,19856.95783,
BE,01/10/2019,BM,19360.49322,10981.50309,
BE,01/11/2019,BM,14398.28143,0,
BE,01/12/2019,BM,15715.4595,8470.662855,
BE,01/01/2020,BM,25680,24730.51002,
BE,01/02/2020,BM,22770,23508.42126,
BE,01/03/2020,BM,21855,29733.81197,
BE,01/04/2020,BM,21230.57143,27417.53612,
BE,01/05/2020,BM,24225,27647.12806,
BE,01/06/2020,BM,32879.07143,35206.51207,
BE,01/07/2020,BM,34874,41752.05604,
BE,01/08/2020,BM,32853.85715,32632.52228,
BE,01/09/2020,BM,25110,27672.07665,
BE,01/10/2020,BM,24175.57143,15448.91826,
BE,01/11/2020,BM,18485.42857,12812.14185,
BE,01/12/2020,BM,17403.42857,11736.37577,
BG,01/01/2019,BM,356.2279571,0,
BG,01/02/2019,BM,654.758743,1418.245714,
BG,01/03/2019,BM,885.145243,1688.534572,
BG,01/04/2019,BM,1078.8624,1663.882,
BG,01/05/2019,BM,1446.509015,2622.985343,
BG,01/06/2019,BM,3437.91756,3930.660286,
BG,01/07/2019,BM,5259.211595,9486.83057,
BG,01/08/2019,BM,3395.172274,8832.252855,
BG,01/09/2019,BM,1342.247889,2808.703543,
BG,01/10/2019,BM,1013.91675,0,
BG,01/11/2019,BM,812.189808,0,
BG,01/12/2019,BM,770.269755,0,
BG,01/01/2020,BM,1090.8,690.632187,
BG,01/02/2020,BM,920.7,712.886022,
BG,01/03/2020,BM,1029.6,728.2130325,
BG,01/04/2020,BM,4326,6417.687495,
BG,01/05/2020,BM,4815,7907.893375,
BG,01/06/2020,BM,5148,8992.477915,
BG,01/07/2020,BM,7283.57143,10058.79809,
BG,01/08/2020,BM,5264,6906.61955,
BG,01/09/2020,BM,3460.714286,5531.855945,
BG,01/10/2020,BM,2931.428571,0,
BG,01/11/2020,BM,2168.571429,0,
BG,01/12/2020,BM,2971.542857,3612.214098,
BR,01/01/2019,BM,56426.6847,91263.82285,
BR,01/02/2019,BM,52324.0089,67621.5823,
BR,01/03/2019,BM,62985.06545,54071.0383,
BR,01/04/2019,BM,78398.5348,62209.6716,
BR,01/05/2019,BM,79979.62215,64144.0395,
BR,01/06/2019,BM,55358.10275,73306.99955,
BR,01/07/2019,BM,69988.16155,85291.8521,
BR,01/08/2019,BM,56857.83835,73626.4033,
BR,01/09/2019,BM,53889.4268,82089.99465,
BR,01/10/2019,BM,67636.2337,85306.1719,
BR,01/11/2019,BM,127424.3834,77492.6856,
BR,01/12/2019,BM,129277.9652,93615.15705,
BR,01/01/2020,BM,96300,129975.61,
BR,01/02/2020,BM,90925.7143,96874.7455,
BR,01/03/2020,BM,82276.7857,90123.64485,
BR,01/04/2020,BM,91482.14285,102588.7088,
BR,01/05/2020,BM,82477.7143,82680.11145,
BR,01/06/2020,BM,81175.7143,116434.6171,
BR,01/07/2020,BM,83310.85715,104442.1503,
BR,01/08/2020,BM,80112.85715,105387.8699,
BR,01/09/2020,BM,104000,109854.6782,
BR,01/10/2020,BM,104924.5715,130813.2074,
BR,01/11/2020,BM,109592,137426.4722,
BR,01/12/2020,BM,101920,160773.6292,
CA,01/01/2019,BM,114677.7447,67598.17455,
CA,01/02/2019,BM,135420.3814,115684.6306,
CA,01/03/2019,BM,154245.7001,78944.85255,
CA,01/04/2019,BM,144951.1787,117079.2857,
CA,01/05/2019,BM,145971.9055,113118.2172,
CA,01/06/2019,BM,163883.8048,94268.7599,
CA,01/07/2019,BM,251938.5635,206558.4703,
CA,01/08/2019,BM,210209.2269,153308.6071,
CA,01/09/2019,BM,149415.8172,117360.2108,
CA,01/10/2019,BM,108002.7405,91944.8923,
CA,01/11/2019,BM,112934.1769,44226.0832,
CA,01/12/2019,BM,85381.93235,20341.23343,
CA,01/01/2020,BM,108411.4286,79818.42925,
CA,01/02/2020,BM,133862.8572,94908.77595,
CA,01/03/2020,BM,135471.4286,101277.6839,
CA,01/04/2020,BM,141000,98494.90385,
CA,01/05/2020,BM,155520,136990.2742,
CA,01/06/2020,BM,201880,173529.5219,
CA,01/07/2020,BM,280527.8572,190453.5539,
CA,01/08/2020,BM,285642.8572,206444.4417,
CA,01/09/2020,BM,167522.1429,103516.9083,
CA,01/10/2020,BM,138516,83193.61725,
CA,01/11/2020,BM,98700,59741.18715,
CA,01/12/2020,BM,91714.2857,52099.6958,
CH,01/01/2019,BM,46103.66082,75267.97715,
CH,01/02/2019,BM,41789.74451,51499.11125,
CH,01/03/2019,BM,37870.44088,8856.481715,
CH,01/04/2019,BM,35081.64408,20538.9964,
CH,01/05/2019,BM,37292.60286,38287.9224,
CH,01/06/2019,BM,37637.47679,57871.401,
CH,01/07/2019,BM,36884.1354,67313.9505,
CH,01/08/2019,BM,43747.22088,56396.6624,
CH,01/09/2019,BM,28311.39147,43491.51086,
CH,01/10/2019,BM,29885.75547,12468.456,
CH,01/11/2019,BM,23310.38375,0,
CH,01/12/2019,BM,27818.88083,7031.660915,
CH,01/01/2020,BM,56498,69533.43635,
CH,01/02/2020,BM,48195.14286,64707.2198,
CH,01/03/2020,BM,51300,46684.86364,
CH,01/04/2020,BM,57229.7143,48724.04907,
CH,01/05/2020,BM,53660.57145,41473.66934,
CH,01/06/2020,BM,54054,75162.8247,
CH,01/07/2020,BM,56796.42855,75915.45725,
CH,01/08/2020,BM,69526.42855,70603.60785,
CH,01/09/2020,BM,59057.14285,45495.63767,
CH,01/10/2020,BM,42824,30809.5065,
CH,01/11/2020,BM,32217.85715,17961.40267,
CH,01/12/2020,BM,35425,12401.93507,
CL,01/01/2019,BM,752.0096775,0,
CL,01/02/2019,BM,888.2262305,201.2371427,
CL,01/03/2019,BM,758.414943,3934.737,
CL,01/04/2019,BM,955.0704285,3850.465486,
CL,01/05/2019,BM,1411.03791,670.4834,
CL,01/06/2019,BM,888.584895,339.066,
CL,01/07/2019,BM,2264.154138,6965.21143,
CL,01/08/2019,BM,1678.281874,1977.211543,
CL,01/09/2019,BM,1999.748619,4272.0048,
CL,01/10/2019,BM,2581.50435,1549.865286,
CL,01/11/2019,BM,3151.962622,2060.4455,
CL,01/12/2019,BM,3663.006369,6292.718785,
CL,01/01/2020,BM,2247.428572,7542.10503,
CL,01/02/2020,BM,3179.428572,7556.21326,
CL,01/03/2020,BM,3121.428571,7864.70075,
CL,01/04/2020,BM,3676.4,7410.1449,
CL,01/05/2020,BM,3672,7627.595225,
CL,01/06/2020,BM,4421.485715,6396.050585,
CL,01/07/2020,BM,5138.57143,7737.53699,
CL,01/08/2020,BM,5395.5,6658.35303,
CL,01/09/2020,BM,4928,7085.84173,
CL,01/10/2020,BM,3827.2,6568.8082,
CL,01/11/2020,BM,4737.6,7383.34339,
CL,01/12/2020,BM,5367.42857,7067.279175,
CN,01/01/2019,BM,313.2851605,3738.42,
CN,01/02/2019,BM,333.2049444,913.4112,
CN,01/03/2019,BM,604.078971,4221.041486,
CN,01/04/2019,BM,435.2420573,1826.166572,
CN,01/05/2019,BM,379.0700941,4041.5375,
CN,01/06/2019,BM,475.152,14413.34095,
CN,01/07/2019,BM,623.343474,4992.279943,
CN,01/08/2019,BM,739.505465,4134.6643,
CN,01/09/2019,BM,674.639338,5141.381145,
CN,01/10/2019,BM,676.4356255,4461.4141,
CN,01/11/2019,BM,590.540009,4459.504115,
CN,01/12/2019,BM,650.3632115,11691.15332,
CN,01/01/2020,BM,2382.428571,29115.66796,
CN,01/02/2020,BM,3060.571429,16779.03057,
CN,01/03/2020,BM,3831.142858,15928.64058,
CN,01/04/2020,BM,3575,17398.45273,
CN,01/05/2020,BM,2990,15031.53287,
CN,01/06/2020,BM,3384.285715,15818.18963,
CN,01/07/2020,BM,3600,17952.5891,
CN,01/08/2020,BM,4242.857143,14995.96429,
CN,01/09/2020,BM,5314.285715,26061.85751,
CN,01/10/2020,BM,5754.285715,16591.31968,
CN,01/11/2020,BM,5200,17689.2602,
CN,01/12/2020,BM,5300,16969.14303,
CO,01/01/2019,BM,4043.438286,6837.285715,
CO,01/02/2019,BM,5112.849415,15285.57429,
CO,01/03/2019,BM,4839.140572,17482.17143,
CO,01/04/2019,BM,5048.59423,16375.42286,
CO,01/05/2019,BM,6419.631785,18641.80286,
CO,01/06/2019,BM,5950.078985,15538.41715,
CO,01/07/2019,BM,7719.370655,16309.72,
CO,01/08/2019,BM,6985.265655,18478.67143,
CO,01/09/2019,BM,5791.0776,17504.14286,
CO,01/10/2019,BM,7989.992545,14495.23143,
CO,01/11/2019,BM,11905.905,17300.46857,
CO,01/12/2019,BM,11770.99,19133.16286,
CO,01/01/2020,BM,10500,28806.65116,
CO,01/02/2020,BM,9642.857145,23850.23089,
CO,01/03/2020,BM,9100,22720.24661,
CO,01/04/2020,BM,11464.28572,23572.77317,
CO,01/05/2020,BM,10800,23309.76836,
CO,01/06/2020,BM,10121.42857,21935.52154,
CO,01/07/2020,BM,9600,26798.79242,
CO,01/08/2020,BM,9935.714285,22312.83575,
CO,01/09/2020,BM,9192.857145,20475.08446,
CO,01/10/2020,BM,9900,22840.66769,
CO,01/11/2020,BM,9750,21660.46954,
CO,01/12/2020,BM,10742.85715,24081.42732,
CZ,01/01/2019,BM,3123.231,3739.011429,
CZ,01/02/2019,BM,3359.282786,3902.342857,
CZ,01/03/2019,BM,4237.2396,2465.337143,
CZ,01/04/2019,BM,4564.311715,5083.885715,
CZ,01/05/2019,BM,3374.916857,1402.228572,
CZ,01/06/2019,BM,6018.060715,9152.645715,
CZ,01/07/2019,BM,7903.713345,16093.27143,
CZ,01/08/2019,BM,5272.857645,11620.61572,
CZ,01/09/2019,BM,3662.020029,5078.92,
CZ,01/10/2019,BM,2954.344743,2212,
CZ,01/11/2019,BM,2834.609143,2163.711429,
CZ,01/12/2019,BM,2187.410386,2788.928572,
CZ,01/01/2020,BM,6768.57143,11100.74487,
CZ,01/02/2020,BM,6925.714285,11007.79887,
CZ,01/03/2020,BM,6348.57143,6990.84511,
CZ,01/04/2020,BM,6572.857145,7348.302745,
CZ,01/05/2020,BM,8022.857145,13070.89814,
CZ,01/06/2020,BM,9422.857145,19199.01093,
CZ,01/07/2020,BM,12094.28572,21031.41476,
CZ,01/08/2020,BM,9051.42857,16256.49462,
CZ,01/09/2020,BM,6572.857145,7824.407275,
CZ,01/10/2020,BM,5245.714285,5476.460445,
CZ,01/11/2020,BM,4200,6093.62475,
CZ,01/12/2020,BM,3607.142857,6315.47236,
DE,01/01/2019,BM,431707.1871,269765.7657,
DE,01/02/2019,BM,422119.3221,311543.9915,
DE,01/03/2019,BM,500840.2575,227394.2286,
DE,01/04/2019,BM,394403.0124,215523.8057,
DE,01/05/2019,BM,449233.5662,283960.95,
DE,01/06/2019,BM,391557.0353,324850.1486,
DE,01/07/2019,BM,445071.8985,360802.08,
DE,01/08/2019,BM,423755.6946,342091.9543,
DE,01/09/2019,BM,305034.0696,71208.67,
DE,01/10/2019,BM,303647.3357,39666.79143,
DE,01/11/2019,BM,263055.873,217.8714285,
DE,01/12/2019,BM,253155.2231,28321.02,
DE,01/01/2020,BM,502857.143,279075.3447,
DE,01/02/2020,BM,425642.8572,261034.8073,
DE,01/03/2020,BM,456142.8572,247738.0736,
DE,01/04/2020,BM,392000,250089.662,
DE,01/05/2020,BM,423035.7143,269456.5652,
DE,01/06/2020,BM,438750,348782.0319,
DE,01/07/2020,BM,524571.4285,392702.0456,
DE,01/08/2020,BM,581428.5715,376275.5483,
DE,01/09/2020,BM,487142.8572,177146.0433,
DE,01/10/2020,BM,467142.8572,114387.3593,
DE,01/11/2020,BM,408857.1429,72901.64175,
DE,01/12/2020,BM,334285.7143,126678.3416,
DK,01/01/2019,BM,31126.16315,24822.45,
DK,01/02/2019,BM,30084.00077,20417.48572,
DK,01/03/2019,BM,35833.77357,21258.77,
DK,01/04/2019,BM,30472.18337,29763.02715,
DK,01/05/2019,BM,33498.71715,25658.08,
DK,01/06/2019,BM,29775.0388,42020.94857,
DK,01/07/2019,BM,47999.36572,49941.66857,
DK,01/08/2019,BM,30385.74937,36424.78,
DK,01/09/2019,BM,24939.76632,19750.47429,
DK,01/10/2019,BM,21526.1382,10985.82857,
DK,01/11/2019,BM,16433.69357,45.9642855,
DK,01/12/2019,BM,17370.56829,6939.874285,
DK,01/01/2020,BM,31200,35208.12919,
DK,01/02/2020,BM,28285.71429,24374.41179,
DK,01/03/2020,BM,33571.42857,25953.51247,
DK,01/04/2020,BM,38150,29946.15258,
DK,01/05/2020,BM,40114.28572,35407.61075,
DK,01/06/2020,BM,48000,45767.77794,
DK,01/07/2020,BM,54971.42855,53554.2211,
DK,01/08/2020,BM,42428.57143,44538.73837,
DK,01/09/2020,BM,35357.14286,23122.22038,
DK,01/10/2020,BM,34285.71429,15869.95796,
DK,01/11/2020,BM,33942.85715,12113.29775,
DK,01/12/2020,BM,33000,20244.92542,
EC,01/01/2019,BM,0,0,
EC,01/02/2019,BM,0,0,
EC,01/03/2019,BM,0,0,
EC,01/04/2019,BM,0,0,
EC,01/05/2019,BM,0,0,
EC,01/06/2019,BM,0,0,
EC,01/07/2019,BM,0,0,
EC,01/08/2019,BM,0,0,
EC,01/09/2019,BM,0,0,
EC,01/10/2019,BM,0,0,
EC,01/11/2019,BM,172.998857,0,
EC,01/12/2019,BM,531.401143,0,
EC,01/01/2020,BM,0,0,
EC,01/02/2020,BM,650,6625.064135,
EC,01/03/2020,BM,1165.714286,0,
EC,01/04/2020,BM,1285.714286,7857.591055,
EC,01/05/2020,BM,934.2857145,0,
EC,01/06/2020,BM,1912.857143,7094.65713,
EC,01/07/2020,BM,1080,0,
EC,01/08/2020,BM,2140,7534.20428,
EC,01/09/2020,BM,1968.571429,0,
EC,01/10/2020,BM,2357.142857,8023.308985,
EC,01/11/2020,BM,2080,0,
EC,01/12/2020,BM,2057.142857,8041.898215,
ES,01/01/2019,BM,102073.66,0,
ES,01/02/2019,BM,91654.92505,0,
ES,01/03/2019,BM,149372.1378,54292.99715,
ES,01/04/2019,BM,147222.5663,76865.0143,
ES,01/05/2019,BM,166880.4004,138162.3686,
ES,01/06/2019,BM,213926.493,156929.63,
ES,01/07/2019,BM,286108.8757,200384.94,
ES,01/08/2019,BM,275499.1486,143976.28,
ES,01/09/2019,BM,134058.953,91746.7143,
ES,01/10/2019,BM,124449.0305,52844.47145,
ES,01/11/2019,BM,93033.98855,28030.28572,
ES,01/12/2019,BM,73795.40845,24844.21429,
ES,01/01/2020,BM,92571.42855,32007.39017,
ES,01/02/2020,BM,127500,64066.5543,
ES,01/03/2020,BM,162000,77700.33055,
ES,01/04/2020,BM,136500,80322.0419,
ES,01/05/2020,BM,143000,140730.0034,
ES,01/06/2020,BM,236928.5715,175194.5945,
ES,01/07/2020,BM,295785.7143,197305.0251,
ES,01/08/2020,BM,234000,122575.7081,
ES,01/09/2020,BM,142728.5715,101717.2946,
ES,01/10/2020,BM,128714.2857,47256.55384,
ES,01/11/2020,BM,103000,38085.1547,
ES,01/12/2020,BM,71500,0,
FI,01/01/2019,BM,48831.86515,32860,
FI,01/02/2019,BM,41790.94747,32234.71429,
FI,01/03/2019,BM,48668.55257,20563.74857,
FI,01/04/2019,BM,42028.5942,23090.33143,
FI,01/05/2019,BM,45930.46477,26872.84286,
FI,01/06/2019,BM,51865.8303,47341.36,
FI,01/07/2019,BM,56157.96155,49993.57143,
FI,01/08/2019,BM,38191.46,42815.8,
FI,01/09/2019,BM,36011.45073,32376.77143,
FI,01/10/2019,BM,30756.41557,21229.18286,
FI,01/11/2019,BM,27227.3895,58.0857145,
FI,01/12/2019,BM,26804.88172,9282.72143,
FI,01/01/2020,BM,52114.2857,38699.84448,
FI,01/02/2020,BM,46500,38090.47864,
FI,01/03/2020,BM,48342.85715,25502.02039,
FI,01/04/2020,BM,46671.42857,24358.53227,
FI,01/05/2020,BM,53428.57145,28421.94185,
FI,01/06/2020,BM,48857.14286,51689.6448,
FI,01/07/2020,BM,56514.2857,63021.9714,
FI,01/08/2020,BM,54471.42855,44944.42629,
FI,01/09/2020,BM,43371.42857,22873.59436,
FI,01/10/2020,BM,32228.57143,12984.51106,
FI,01/11/2020,BM,32200,9317.921345,
FI,01/12/2020,BM,31428.57143,17456.08365,
FR,01/01/2019,BM,70209.90375,90713.7357,
FR,01/02/2019,BM,72395.0943,89828.81715,
FR,01/03/2019,BM,76437.0638,71435.71285,
FR,01/04/2019,BM,71031.12,81410.61145,
FR,01/05/2019,BM,69545.2815,101641.1143,
FR,01/06/2019,BM,60139.30875,114526.5943,
FR,01/07/2019,BM,103550.534,172977.5743,
FR,01/08/2019,BM,155044.4737,120205.54,
FR,01/09/2019,BM,68331.86845,63372.5543,
FR,01/10/2019,BM,60913.72855,36336.74143,
FR,01/11/2019,BM,38408.55429,970.6242855,
FR,01/12/2019,BM,42308.395,10713.63857,
FR,01/01/2020,BM,94500,115008.3724,
FR,01/02/2020,BM,102142.8572,118814.337,
FR,01/03/2020,BM,87085.7143,101949.8245,
FR,01/04/2020,BM,99785.7143,101857.6618,
FR,01/05/2020,BM,92142.85715,101662.5411,
FR,01/06/2020,BM,87021.42855,105333.9401,
FR,01/07/2020,BM,160285.7143,202942.3115,
FR,01/08/2020,BM,161142.8572,153292.0794,
FR,01/09/2020,BM,83142.85715,74807.1836,
FR,01/10/2020,BM,61714.2857,40116.54493,
FR,01/11/2020,BM,52571.42855,6655.658105,
FR,01/12/2020,BM,54285.7143,23683.02135,
GR,01/01/2019,BM,4015,9759.722855,
GR,01/02/2019,BM,3355.0064,0,
GR,01/03/2019,BM,4155.444357,0,
GR,01/04/2019,BM,5402.663315,6158.664285,
GR,01/05/2019,BM,8012.693485,11334.96,
GR,01/06/2019,BM,8970.084515,27004.12715,
GR,01/07/2019,BM,9051.40663,21500.26429,
GR,01/08/2019,BM,10097.74826,7847.482855,
GR,01/09/2019,BM,4693.295715,0,
GR,01/10/2019,BM,3637.326986,0,
GR,01/11/2019,BM,3403.810643,0,
GR,01/12/2019,BM,3287.658857,0,
GR,01/01/2020,BM,4388.571429,4801.108526,
GR,01/02/2020,BM,4800,2853.873782,
GR,01/03/2020,BM,5651.42857,6233.503555,
GR,01/04/2020,BM,10588.57143,13226.94495,
GR,01/05/2020,BM,9750,17253.58555,
GR,01/06/2020,BM,11414.28572,24129.07369,
GR,01/07/2020,BM,12985.71429,16304.76691,
GR,01/08/2020,BM,13435.71429,13039.96894,
GR,01/09/2020,BM,8485.714285,0,
GR,01/10/2020,BM,5771.42857,0,
GR,01/11/2020,BM,5714.285715,0,
GR,01/12/2020,BM,6814.285715,4957.940919,
HK,01/01/2019,BM,50884.9305,59174.5,
HK,01/02/2019,BM,33762.16029,45804.18572,
HK,01/03/2019,BM,72104.7435,36484.56,
HK,01/04/2019,BM,57817.88755,29598.85715,
HK,01/05/2019,BM,71272.43295,68596.46855,
HK,01/06/2019,BM,53447.94085,32041.54286,
HK,01/07/2019,BM,51023.43515,41978.85857,
HK,01/08/2019,BM,42622.85126,37815.66286,
HK,01/09/2019,BM,38921.673,36587.08572,
HK,01/10/2019,BM,44633.67292,41472.98572,
HK,01/11/2019,BM,27941.21543,5831.28,
HK,01/12/2019,BM,26278.90329,27787.09286,
HK,01/01/2020,BM,57000,55867.44465,
HK,01/02/2020,BM,63271.42855,53000.5131,
HK,01/03/2020,BM,58971.42855,57091.90175,
HK,01/04/2020,BM,54600,51452.6703,
HK,01/05/2020,BM,53142.85715,48391.36957,
HK,01/06/2020,BM,54600,50705.08015,
HK,01/07/2020,BM,55371.42855,39258.64089,
HK,01/08/2020,BM,48750,36917.60096,
HK,01/09/2020,BM,48857.14286,37264.65372,
HK,01/10/2020,BM,48100,38335.22311,
HK,01/11/2020,BM,57321.42855,39756.4644,
HK,01/12/2020,BM,56457.14285,41729.33607,
HR,01/01/2019,BM,0,0,
HR,01/02/2019,BM,0,0,
HR,01/03/2019,BM,0,0,
HR,01/04/2019,BM,0,0,
HR,01/05/2019,BM,0.6138,0,
HR,01/06/2019,BM,49.361743,0,
HR,01/07/2019,BM,341.108743,1532.4,
HR,01/08/2019,BM,651.8537145,1801.091429,
HR,01/09/2019,BM,157.1885715,0,
HR,01/10/2019,BM,135.9133715,0,
HR,01/11/2019,BM,74.973857,0,
HR,01/12/2019,BM,93.4003,0,
HR,01/01/2020,BM,542.857143,2793.372233,
HR,01/02/2020,BM,714.2857145,2853.873782,
HR,01/03/2020,BM,450,0,
HR,01/04/2020,BM,577.142857,0,
HR,01/05/2020,BM,831.4285715,2991.783353,
HR,01/06/2020,BM,1500,6081.134685,
HR,01/07/2020,BM,2357.142857,6302.19714,
HR,01/08/2020,BM,2685.714286,5911.452585,
HR,01/09/2020,BM,2520,3012.762428,
HR,01/10/2020,BM,1457.142857,0,
HR,01/11/2020,BM,1131.428572,0,
HR,01/12/2020,BM,1080,0,
HU,01/01/2019,BM,2187.0534,5240.322855,
HU,01/02/2019,BM,1420.713272,9.762857,
HU,01/03/2019,BM,2546.7136,4279.362857,
HU,01/04/2019,BM,2190.485486,7810.317145,
HU,01/05/2019,BM,3875.5122,6553.29143,
HU,01/06/2019,BM,4432.758643,7101.12857,
HU,01/07/2019,BM,6657.6076,16852.95,
HU,01/08/2019,BM,5422.649145,9763.757145,
HU,01/09/2019,BM,1807.301572,1679.451429,
HU,01/10/2019,BM,1589.538572,0,
HU,01/11/2019,BM,1173.654857,0,
HU,01/12/2019,BM,1174.870972,0,
HU,01/01/2020,BM,3607.142857,11406.26995,
HU,01/02/2020,BM,4891.428572,10833.07191,
HU,01/03/2020,BM,3960,8520.09248,
HU,01/04/2020,BM,4267.142857,8512.39031,
HU,01/05/2020,BM,7031.42857,12780.43374,
HU,01/06/2020,BM,7600,12792.10118,
HU,01/07/2020,BM,10041.42857,16290.31233,
HU,01/08/2020,BM,7842.857145,13691.96739,
HU,01/09/2020,BM,4782.857143,2303.447002,
HU,01/10/2020,BM,3825.714286,2097.837671,
HU,01/11/2020,BM,2971.428572,1612.148296,
HU,01/12/2020,BM,3857.142857,6640.099445,
ID,01/01/2019,BM,2488.295486,10008.22429,
ID,01/02/2019,BM,2145.634857,4754.582857,
ID,01/03/2019,BM,1692.759386,7732.70143,
ID,01/04/2019,BM,2503.275429,11340.30857,
ID,01/05/2019,BM,1951.732857,11371.65429,
ID,01/06/2019,BM,1446.4056,10943.45143,
ID,01/07/2019,BM,2834.795857,9642.914285,
ID,01/08/2019,BM,1920.685886,8311.30857,
ID,01/09/2019,BM,1507.002629,5591.66143,
ID,01/10/2019,BM,1467.164015,3419,
ID,01/11/2019,BM,4150.624286,20167.84143,
ID,01/12/2019,BM,6882.4462,29851.72,
ID,01/01/2020,BM,4760,19291.72699,
ID,01/02/2020,BM,5374.285715,15739.98754,
ID,01/03/2020,BM,5400,16916.38874,
ID,01/04/2020,BM,6925.714285,19462.08896,
ID,01/05/2020,BM,7142.857145,18909.23265,
ID,01/06/2020,BM,7935.714285,27365.10608,
ID,01/07/2020,BM,10500,35449.85891,
ID,01/08/2020,BM,10400,31585.70255,
ID,01/09/2020,BM,9200,21762.08977,
ID,01/10/2020,BM,9285.714285,21861.67678,
ID,01/11/2020,BM,10650,25883.11485,
ID,01/12/2020,BM,13800,30987.13074,
IE,01/01/2019,BM,58848.73395,14424.8,
IE,01/02/2019,BM,45580.49692,18485.46572,
IE,01/03/2019,BM,58293.57995,14809.37143,
IE,01/04/2019,BM,48890.06297,19829.7,
IE,01/05/2019,BM,43870.7698,18676.32,
IE,01/06/2019,BM,46385.20877,21005.14286,
IE,01/07/2019,BM,61475.56445,27753.47143,
IE,01/08/2019,BM,44101.3068,41.1214285,
IE,01/09/2019,BM,43056.81235,19366.55143,
IE,01/10/2019,BM,37136.64572,18.6857145,
IE,01/11/2019,BM,32661.72206,0,
IE,01/12/2019,BM,32352.75843,0.52,
IE,01/01/2020,BM,70971.42855,21183.07277,
IE,01/02/2020,BM,45000,18870.51235,
IE,01/03/2020,BM,49942.85715,14899.23864,
IE,01/04/2020,BM,57614.2857,17446.76236,
IE,01/05/2020,BM,52250,17093.83013,
IE,01/06/2020,BM,58857.14285,23021.43845,
IE,01/07/2020,BM,64400,24977.51527,
IE,01/08/2020,BM,64350,24804.9187,
IE,01/09/2020,BM,53914.2857,17213.69601,
IE,01/10/2020,BM,47314.28572,12130.65432,
IE,01/11/2020,BM,47142.85715,0,
IE,01/12/2020,BM,40300,4559.534952,
IL,01/01/2019,BM,2071.317,8314.96,
IL,01/02/2019,BM,1339.736286,1152.822857,
IL,01/03/2019,BM,4714.465972,9515,
IL,01/04/2019,BM,10619.91155,19566.43429,
IL,01/05/2019,BM,10002.0088,13465.19,
IL,01/06/2019,BM,13173.00999,13457.1,
IL,01/07/2019,BM,14897.82715,11795.05715,
IL,01/08/2019,BM,18284.9898,13099.35429,
IL,01/09/2019,BM,13292.79425,12454.96286,
IL,01/10/2019,BM,11000.91857,12382.8,
IL,01/11/2019,BM,7304.907145,42.737143,
IL,01/12/2019,BM,4909.756972,0,
IL,01/01/2020,BM,14521.42857,13636.6031,
IL,01/02/2020,BM,15142.85715,13647.63212,
IL,01/03/2020,BM,17742.85715,15676.97016,
IL,01/04/2020,BM,16900,20808.0652,
IL,01/05/2020,BM,17550,17747.37504,
IL,01/06/2020,BM,23571.42857,22044.11323,
IL,01/07/2020,BM,22342.85715,27774.47661,
IL,01/08/2020,BM,29042.85715,25123.6735,
IL,01/09/2020,BM,22100,20723.71049,
IL,01/10/2020,BM,18200,12726.88187,
IL,01/11/2020,BM,15714.28572,0,
IL,01/12/2020,BM,12757.14286,3311.196256,
IN,01/01/2019,BM,7397.873,29934.42857,
IN,01/02/2019,BM,7402.50137,23998.46286,
IN,01/03/2019,BM,12000.14155,24841.72286,
IN,01/04/2019,BM,12795.7494,34226.44715,
IN,01/05/2019,BM,14464.62555,54185.79855,
IN,01/06/2019,BM,11582.04892,56769.41145,
IN,01/07/2019,BM,15223.08217,45544.45715,
IN,01/08/2019,BM,13950.80992,62199.9843,
IN,01/09/2019,BM,15612.12715,47511.64286,
IN,01/10/2019,BM,10792.71763,12984.83572,
IN,01/11/2019,BM,12611.76949,24219.33429,
IN,01/12/2019,BM,10758.67129,26406.41715,
IN,01/01/2020,BM,23400,90784.5976,
IN,01/02/2020,BM,28914.28572,86489.84825,
IN,01/03/2020,BM,37142.85715,100930.3263,
IN,01/04/2020,BM,40300,121065.1066,
IN,01/05/2020,BM,47142.85715,86848.85655,
IN,01/06/2020,BM,49828.57143,92954.4873,
IN,01/07/2020,BM,40714.28572,67213.79975,
IN,01/08/2020,BM,46500,78239.81365,
IN,01/09/2020,BM,55028.57145,84240.3475,
IN,01/10/2020,BM,49371.42857,74344.4227,
IN,01/11/2020,BM,59614.2857,95249.86265,
IN,01/12/2020,BM,56571.42855,86321.2928,
IT,01/01/2019,BM,97559.4389,0,
IT,01/02/2019,BM,90397.82355,54047.7,
IT,01/03/2019,BM,141986.3596,112689.6172,
IT,01/04/2019,BM,139082.6885,124249.35,
IT,01/05/2019,BM,132205.8465,128568.7286,
IT,01/06/2019,BM,170577.2447,206066.8029,
IT,01/07/2019,BM,242676.2105,248493.63,
IT,01/08/2019,BM,226713.2685,295762.98,
IT,01/09/2019,BM,128952.7591,101582.1486,
IT,01/10/2019,BM,115978.0333,63592.18285,
IT,01/11/2019,BM,105577.324,38687.47143,
IT,01/12/2019,BM,94716.93325,25570.08857,
IT,01/01/2020,BM,97500,0,
IT,01/02/2020,BM,95200,54165.35955,
IT,01/03/2020,BM,135771.4286,129767.5624,
IT,01/04/2020,BM,151328.5715,136198.245,
IT,01/05/2020,BM,150642.8572,161352.976,
IT,01/06/2020,BM,192000,224422.8276,
IT,01/07/2020,BM,248442.8572,297648.7236,
IT,01/08/2020,BM,295857.1429,297311.2919,
IT,01/09/2020,BM,144257.1429,95209.14275,
IT,01/10/2020,BM,110500,66247.5054,
IT,01/11/2020,BM,105142.8572,40333.28811,
IT,01/12/2020,BM,120342.8572,20805.64493,
JP,01/01/2019,BM,3034.055486,21148.24572,
JP,01/02/2019,BM,2328.005272,8977.602855,
JP,01/03/2019,BM,4526.3088,27482.31715,
JP,01/04/2019,BM,4124.160172,2685.342857,
JP,01/05/2019,BM,8528.571,53120.15,
JP,01/06/2019,BM,13213.2,66733.42855,
JP,01/07/2019,BM,10731.82912,25211.34286,
JP,01/08/2019,BM,19000.17532,68732.22855,
JP,01/09/2019,BM,18839.56226,63326.45715,
JP,01/10/2019,BM,10910.04969,18598.5,
JP,01/11/2019,BM,7632.466285,12533.17715,
JP,01/12/2019,BM,11381.0262,77505.9,
JP,01/01/2020,BM,43200,100903.2975,
JP,01/02/2020,BM,41628.57143,110354.6398,
JP,01/03/2020,BM,44507.14286,116987.4237,
JP,01/04/2020,BM,46928.57143,122149.1632,
JP,01/05/2020,BM,50578.57145,114225.1266,
JP,01/06/2020,BM,55285.7143,123208.1324,
JP,01/07/2020,BM,70071.42855,125032.1221,
JP,01/08/2020,BM,67885.7143,127530.8963,
JP,01/09/2020,BM,60914.2857,111889.0241,
JP,01/10/2020,BM,52657.14285,99371.25805,
JP,01/11/2020,BM,51964.2857,104826.6151,
JP,01/12/2020,BM,47314.28572,81673.22315,
KR,01/01/2019,BM,2028.425143,3758.17,
KR,01/02/2019,BM,2316.036772,8567.562855,
KR,01/03/2019,BM,1925.606457,4372.264286,
KR,01/04/2019,BM,4183.559372,25690.73143,
KR,01/05/2019,BM,2349.177357,7286.117145,
KR,01/06/2019,BM,3307.5154,40446.22857,
KR,01/07/2019,BM,5324.25393,27906.11143,
KR,01/08/2019,BM,5350.182855,32904.90857,
KR,01/09/2019,BM,6977.25857,43834.21715,
KR,01/10/2019,BM,4434.138172,5109.26,
KR,01/11/2019,BM,4168.609072,20046.71429,
KR,01/12/2019,BM,3766.744457,11912.32143,
KR,01/01/2020,BM,11000,55503.7243,
KR,01/02/2020,BM,14142.85715,46885.06927,
KR,01/03/2020,BM,13714.28572,53523.65785,
KR,01/04/2020,BM,18000,54493.8491,
KR,01/05/2020,BM,21128.57143,47781.39432,
KR,01/06/2020,BM,20814.28572,46622.03258,
KR,01/07/2020,BM,24228.57143,55144.22495,
KR,01/08/2020,BM,24985.71429,49189.66062,
KR,01/09/2020,BM,24771.42857,50675.83405,
KR,01/10/2020,BM,26164.28572,54617.38775,
KR,01/11/2020,BM,27578.57143,51248.5674,
KR,01/12/2020,BM,26185.71429,55776.83535,
MX,01/01/2019,BM,5759.43,8723.68,
MX,01/02/2019,BM,8825.83337,24607.28572,
MX,01/03/2019,BM,24158.64343,40539.23572,
MX,01/04/2019,BM,23212.43167,42512.36715,
MX,01/05/2019,BM,21635.21327,37707.6,
MX,01/06/2019,BM,22897.23402,44062.93857,
MX,01/07/2019,BM,46554.72172,56930.23715,
MX,01/08/2019,BM,34299.10789,61542.9943,
MX,01/09/2019,BM,20444.7568,44549.58857,
MX,01/10/2019,BM,28132.4918,32748.94286,
MX,01/11/2019,BM,41968.80877,38459.4,
MX,01/12/2019,BM,45493.46859,40509.65715,
MX,01/01/2020,BM,37142.85715,73616.9974,
MX,01/02/2020,BM,38800,66177.83845,
MX,01/03/2020,BM,43285.71429,67505.3481,
MX,01/04/2020,BM,41428.57143,71373.11875,
MX,01/05/2020,BM,42857.14286,69929.30505,
MX,01/06/2020,BM,47142.85715,61245.7136,
MX,01/07/2020,BM,52371.42855,84992.9339,
MX,01/08/2020,BM,60571.42855,79688.6991,
MX,01/09/2020,BM,49542.85715,59048.6811,
MX,01/10/2020,BM,50514.2857,60064.4049,
MX,01/11/2020,BM,44685.71429,67887.71265,
MX,01/12/2020,BM,43714.28572,61457.8093,
MY,01/01/2019,BM,12805.44677,13174,
MY,01/02/2019,BM,12183.51823,15892.77,
MY,01/03/2019,BM,14722.28135,27051.18,
MY,01/04/2019,BM,17068.7196,15593.21143,
MY,01/05/2019,BM,20153.75986,31718.38,
MY,01/06/2019,BM,13823.14529,34343.72143,
MY,01/07/2019,BM,11402.77392,12542.42857,
MY,01/08/2019,BM,13313.8764,10550.18572,
MY,01/09/2019,BM,10103.14417,6533.545715,
MY,01/10/2019,BM,9382.245715,0,
MY,01/11/2019,BM,22597.74477,32230.20857,
MY,01/12/2019,BM,29057.475,30787.97429,
MY,01/01/2020,BM,16607.14286,21648.63481,
MY,01/02/2020,BM,21400,25481.01591,
MY,01/03/2020,BM,24357.14286,31458.803,
MY,01/04/2020,BM,23000,34878.97363,
MY,01/05/2020,BM,29792.85715,39212.69443,
MY,01/06/2020,BM,37514.28572,43291.88739,
MY,01/07/2020,BM,36342.85715,39388.73212,
MY,01/08/2020,BM,30285.71429,26079.93789,
MY,01/09/2020,BM,27142.85715,33235.4496,
MY,01/10/2020,BM,33214.28572,39380.46153,
MY,01/11/2020,BM,39728.57143,43483.63294,
MY,01/12/2020,BM,43200,50354.08745,
NG,01/01/2020,BM,0,0,
NG,01/02/2020,BM,458.5714285,7935.51638,
NG,01/03/2020,BM,721.4285715,0,
NG,01/04/2020,BM,980,6766.258965,
NG,01/05/2020,BM,642.857143,0,
NG,01/06/2020,BM,1085.714286,7167.05159,
NG,01/07/2020,BM,848.5714285,0,
NG,01/08/2020,BM,1414.285715,7534.20428,
NG,01/09/2020,BM,990,0,
NG,01/10/2020,BM,1195.714286,7581.65895,
NG,01/11/2020,BM,874.2857145,0,
NG,01/12/2020,BM,1385.714286,7746.782685,
NL,01/01/2019,BM,41258.89032,25623.71429,
NL,01/02/2019,BM,39879.16403,27309.93429,
NL,01/03/2019,BM,43242.34633,31598.19286,
NL,01/04/2019,BM,34355.98077,25397.44857,
NL,01/05/2019,BM,40711.15906,48796.14286,
NL,01/06/2019,BM,35314.57209,61790.53715,
NL,01/07/2019,BM,52481.45825,99199.9657,
NL,01/08/2019,BM,55742.28435,82509.75,
NL,01/09/2019,BM,40239.00874,31438.05,
NL,01/10/2019,BM,35469.5348,14227.58572,
NL,01/11/2019,BM,22713.23315,0,
NL,01/12/2019,BM,22981.72977,0,
NL,01/01/2020,BM,42257.14286,35899.19784,
NL,01/02/2020,BM,38000,32994.27546,
NL,01/03/2020,BM,45000,31487.93152,
NL,01/04/2020,BM,44285.71429,31910.55034,
NL,01/05/2020,BM,41850,44731.51809,
NL,01/06/2020,BM,54500,49474.37432,
NL,01/07/2020,BM,58200,59263.78045,
NL,01/08/2020,BM,64028.57145,56723.8649,
NL,01/09/2020,BM,38000,30610.25127,
NL,01/10/2020,BM,33942.85715,26234.01213,
NL,01/11/2020,BM,27714.28572,16838.815,
NL,01/12/2020,BM,29142.85715,18223.38403,
NO,01/01/2019,BM,28436.09377,30078.03715,
NO,01/02/2019,BM,18582.6329,21166.09286,
NO,01/03/2019,BM,20935.33586,19661.87857,
NO,01/04/2019,BM,23793.5616,21859.97143,
NO,01/05/2019,BM,28611.20602,27371.11,
NO,01/06/2019,BM,28902.87736,28702.8,
NO,01/07/2019,BM,39583.77715,56403.42855,
NO,01/08/2019,BM,22732.4874,24591.45,
NO,01/09/2019,BM,18625.3236,19959.92572,
NO,01/10/2019,BM,14500.80815,16197.18572,
NO,01/11/2019,BM,10531.71126,85.1314285,
NO,01/12/2019,BM,10451.18832,7532.035715,
NO,01/01/2020,BM,35285.71429,38190.636,
NO,01/02/2020,BM,35657.14286,34275.60654,
NO,01/03/2020,BM,34628.57143,24001.90155,
NO,01/04/2020,BM,33185.71429,25988.25486,
NO,01/05/2020,BM,37028.57143,35146.19278,
NO,01/06/2020,BM,35100,46622.03258,
NO,01/07/2020,BM,55000,68297.8933,
NO,01/08/2020,BM,43600,44944.42629,
NO,01/09/2020,BM,27300,26602.98474,
NO,01/10/2020,BM,26871.42857,12984.51106,
NO,01/11/2020,BM,23071.42857,10456.7784,
NO,01/12/2020,BM,25742.85715,13722.87219,
NZ,01/01/2019,BM,35361.92739,35441.12286,
NZ,01/02/2019,BM,23750.9896,25577.01715,
NZ,01/03/2019,BM,27897.96986,20210.25,
NZ,01/04/2019,BM,30844.74015,20807.70857,
NZ,01/05/2019,BM,28332.63853,19048.90429,
NZ,01/06/2019,BM,24036.8044,17882.74286,
NZ,01/07/2019,BM,18317.32457,14797.14,
NZ,01/08/2019,BM,20032.815,15230.64,
NZ,01/09/2019,BM,17377.50857,13635.12143,
NZ,01/10/2019,BM,14828.73869,13490.77143,
NZ,01/11/2019,BM,12724.54843,15022.05,
NZ,01/12/2019,BM,14206.66697,30308.85143,
NZ,01/01/2020,BM,44000,41245.88688,
NZ,01/02/2020,BM,36142.85715,31072.27883,
NZ,01/03/2020,BM,34285.71429,23856.25894,
NZ,01/04/2020,BM,30171.42857,24445.83884,
NZ,01/05/2020,BM,34257.14286,21378.18007,
NZ,01/06/2020,BM,27957.14286,19662.33548,
NZ,01/07/2020,BM,24042.85715,15582.03788,
NZ,01/08/2020,BM,25221.42857,13909.30021,
NZ,01/09/2020,BM,23771.42857,12241.1755,
NZ,01/10/2020,BM,21257.14286,14309.46116,
NZ,01/11/2020,BM,25457.14286,13902.93026,
NZ,01/12/2020,BM,31628.57143,25232.37789,
PE,01/01/2019,BM,0,0,
PE,01/02/2019,BM,0,0,
PE,01/03/2019,BM,0,0,
PE,01/04/2019,BM,0,0,
PE,01/05/2019,BM,0,0,
PE,01/06/2019,BM,0,0,
PE,01/07/2019,BM,0,0,
PE,01/08/2019,BM,0,0,
PE,01/09/2019,BM,0,0,
PE,01/10/2019,BM,0,0,
PE,01/11/2019,BM,288.5027855,0,
PE,01/12/2019,BM,933.0107855,0,
PE,01/01/2020,BM,0,0,
PE,01/02/2020,BM,728.5714285,7207.487355,
PE,01/03/2020,BM,1028.571429,0,
PE,01/04/2020,BM,1337.142857,7130.03633,
PE,01/05/2020,BM,848.5714285,0,
PE,01/06/2020,BM,1875.714286,6949.86821,
PE,01/07/2020,BM,990,0,
PE,01/08/2020,BM,2060,7171.98292,
PE,01/09/2020,BM,1727.142857,0,
PE,01/10/2020,BM,2207.142857,7140.008915,
PE,01/11/2020,BM,1940,0,
PE,01/12/2020,BM,2262.857143,7968.119335,
PH,01/01/2019,BM,434.623743,0,
PH,01/02/2019,BM,417.260743,1753.142857,
PH,01/03/2019,BM,631.2224285,945.1885715,
PH,01/04/2019,BM,412.442057,0,
PH,01/05/2019,BM,370.71,771.7757145,
PH,01/06/2019,BM,586.7316,3550.857143,
PH,01/07/2019,BM,982.6425715,3754.645715,
PH,01/08/2019,BM,498.2514285,0,
PH,01/09/2019,BM,544.078543,5475.154285,
PH,01/10/2019,BM,487.5618855,0,
PH,01/11/2019,BM,431.7068,0,
PH,01/12/2019,BM,425.7244145,9.737143,
PH,01/01/2020,BM,2035.714286,7943.65229,
PH,01/02/2020,BM,3000,8998.43876,
PH,01/03/2020,BM,4114.285715,11651.40852,
PH,01/04/2020,BM,5754.285715,13387.00699,
PH,01/05/2020,BM,2685.714286,7188.99398,
PH,01/06/2020,BM,2725.714286,6877.47375,
PH,01/07/2020,BM,1950,7155.017395,
PH,01/08/2020,BM,2357.142857,6317.14051,
PH,01/09/2020,BM,2014.285715,5440.52244,
PH,01/10/2020,BM,2078.571429,6124.21383,
PH,01/11/2020,BM,2357.142857,6507.75459,
PH,01/12/2020,BM,2080,6079.379935,
PL,01/01/2019,BM,14166.63937,14760.58572,
PL,01/02/2019,BM,15353.86475,15916.46,
PL,01/03/2019,BM,17108.33205,13856.64,
PL,01/04/2019,BM,22194.86486,25818.52715,
PL,01/05/2019,BM,19652.50543,31527.49429,
PL,01/06/2019,BM,19967.8192,41012.34857,
PL,01/07/2019,BM,26772.18569,48410.83,
PL,01/08/2019,BM,22408.84423,39638.22572,
PL,01/09/2019,BM,16583.31265,17449.12,
PL,01/10/2019,BM,14527.09209,10742.31429,
PL,01/11/2019,BM,11675.68715,8232.94857,
PL,01/12/2019,BM,11679.63857,6346.94857,
PL,01/01/2020,BM,19128.57143,22754.34465,
PL,01/02/2020,BM,19685.71429,26980.7557,
PL,01/03/2020,BM,13857.14286,19166.56701,
PL,01/04/2020,BM,21675,29858.84601,
PL,01/05/2020,BM,22585.71429,30034.01929,
PL,01/06/2020,BM,33150,43089.1829,
PL,01/07/2020,BM,46714.28572,57456.95785,
PL,01/08/2020,BM,37521.42857,44263.45013,
PL,01/09/2020,BM,22585.71429,34105.64069,
PL,01/10/2020,BM,13800,23054.13187,
PL,01/11/2020,BM,11900,15973.57945,
PL,01/12/2020,BM,11785.71429,16578.11495,
PT,01/01/2019,BM,6692.74577,1655.605715,
PT,01/02/2019,BM,6619.916215,3328.96,
PT,01/03/2019,BM,10484.4544,8223.085715,
PT,01/04/2019,BM,14599.12976,8947,
PT,01/05/2019,BM,14074.32275,11071.54286,
PT,01/06/2019,BM,16133.93415,17741.93715,
PT,01/07/2019,BM,21013.17226,17948.28,
PT,01/08/2019,BM,19658.18057,19460.56,
PT,01/09/2019,BM,9803.794115,5357.57143,
PT,01/10/2019,BM,5860.734455,77.6742855,
PT,01/11/2019,BM,5276.61143,18.5314285,
PT,01/12/2019,BM,5979.0444,2280.72,
PT,01/01/2020,BM,8014.285715,4582.87632,
PT,01/02/2020,BM,9171.42857,5591.26292,
PT,01/03/2020,BM,13357.14286,9277.43403,
PT,01/04/2020,BM,17142.85715,13488.86465,
PT,01/05/2020,BM,18857.14286,15975.54218,
PT,01/06/2020,BM,18200,19010.78533,
PT,01/07/2020,BM,26742.85715,22765.96444,
PT,01/08/2020,BM,26485.71429,14488.85438,
PT,01/09/2020,BM,10928.57143,8599.535475,
PT,01/10/2020,BM,9000,0,
PT,01/11/2020,BM,7621.42857,0,
PT,01/12/2020,BM,7000,4426.732963,
RO,01/01/2019,BM,706.3462285,418.8,
RO,01/02/2019,BM,588.5174285,1623.274286,
RO,01/03/2019,BM,727.9892,46.64,
RO,01/04/2019,BM,1057.021272,1662.45,
RO,01/05/2019,BM,1338.035143,1411.428572,
RO,01/06/2019,BM,2899.48,2528.802857,
RO,01/07/2019,BM,3537.489686,4276.87,
RO,01/08/2019,BM,2512.3425,4911.79,
RO,01/09/2019,BM,962.4445145,2099.212857,
RO,01/10/2019,BM,653.591543,58.14,
RO,01/11/2019,BM,633.3939145,1.457143,
RO,01/12/2019,BM,630.323443,1267.791429,
RO,01/01/2020,BM,920,1985.913072,
RO,01/02/2020,BM,1154.285715,2184.087078,
RO,01/03/2020,BM,1712.857143,2097.253533,
RO,01/04/2020,BM,2331.428572,4001.551,
RO,01/05/2020,BM,3252.857143,5388.11468,
RO,01/06/2020,BM,4142.857143,7890.996195,
RO,01/07/2020,BM,5245.714285,8499.29339,
RO,01/08/2020,BM,4457.142857,6063.58556,
RO,01/09/2020,BM,2365.714286,5221.146535,
RO,01/10/2020,BM,2005.714286,0,
RO,01/11/2020,BM,1442.857143,0,
RO,01/12/2020,BM,1362.857143,730.410939,
RS,01/01/2019,BM,313.889657,0,
RS,01/02/2019,BM,328.1755715,0,
RS,01/03/2019,BM,704.7679,2069.342857,
RS,01/04/2019,BM,431.3802855,348.7857145,
RS,01/05/2019,BM,681.185143,2385.034286,
RS,01/06/2019,BM,1592.5362,3459.988572,
RS,01/07/2019,BM,2295.877172,3907.4,
RS,01/08/2019,BM,1678.648629,3496.114286,
RS,01/09/2019,BM,826.2309,1010.282857,
RS,01/10/2019,BM,532.6308855,0,
RS,01/11/2019,BM,499.9008,0,
RS,01/12/2019,BM,661.74,0,
RS,01/01/2020,BM,537.142857,0,
RS,01/02/2020,BM,525.7142855,0,
RS,01/03/2020,BM,671.4285715,0,
RS,01/04/2020,BM,950,2793.810153,
RS,01/05/2020,BM,1182.857143,4778.139432,
RS,01/06/2020,BM,2622.857143,6877.47375,
RS,01/07/2020,BM,3825.714286,7950.019325,
RS,01/08/2020,BM,2314.285715,3767.102139,
RS,01/09/2020,BM,1765.714286,2632.510859,
RS,01/10/2020,BM,1080,0,
RS,01/11/2020,BM,785.7142855,0,
RS,01/12/2020,BM,778.5714285,0,
RU,01/01/2019,BM,5101.322055,9231.89143,
RU,01/02/2019,BM,5594.9455,10411.68143,
RU,01/03/2019,BM,8114.459655,9829.967145,
RU,01/04/2019,BM,6798.585855,13210.37143,
RU,01/05/2019,BM,7911.090855,19731.71429,
RU,01/06/2019,BM,8254.8258,21986.02,
RU,01/07/2019,BM,10954.97143,27511.30286,
RU,01/08/2019,BM,9167.316715,15241.14286,
RU,01/09/2019,BM,5834.550085,5177.344285,
RU,01/10/2019,BM,4175.2494,2106.857143,
RU,01/11/2019,BM,3959.397,950.2585715,
RU,01/12/2019,BM,3621.934715,863.142857,
RU,01/01/2020,BM,9100,21408.57938,
RU,01/02/2020,BM,8914.285715,17079.56095,
RU,01/03/2020,BM,10821.42857,15904.17263,
RU,01/04/2020,BM,10392.85715,18741.80978,
RU,01/05/2020,BM,13357.14286,21842.92312,
RU,01/06/2020,BM,14114.28572,26409.4992,
RU,01/07/2020,BM,16592.85715,32913.08001,
RU,01/08/2020,BM,14142.85715,24138.4314,
RU,01/09/2020,BM,8400,10530.04344,
RU,01/10/2020,BM,7542.857145,8744.67071,
RU,01/11/2020,BM,6642.857145,7727.958575,
RU,01/12/2020,BM,7714.285715,8846.08804,
SE,01/01/2019,BM,60858.1669,55109.74,
SE,01/02/2019,BM,45476.08972,35249.50286,
SE,01/03/2019,BM,59398.39545,41206.9,
SE,01/04/2019,BM,53021.421,39505.80857,
SE,01/05/2019,BM,50270.85005,42084.36,
SE,01/06/2019,BM,54846.56715,67341.42855,
SE,01/07/2019,BM,67362.14035,82496.2357,
SE,01/08/2019,BM,46603.50225,53709.10855,
SE,01/09/2019,BM,39307.33166,34552.96857,
SE,01/10/2019,BM,30990.21065,17514.78857,
SE,01/11/2019,BM,28705.41557,4045.625715,
SE,01/12/2019,BM,25440.3578,7414.41,
SE,01/01/2020,BM,59800,61686.97015,
SE,01/02/2020,BM,63257.14285,40667.70139,
SE,01/03/2020,BM,60814.2857,38602.57284,
SE,01/04/2020,BM,58457.14285,40161.02095,
SE,01/05/2020,BM,66857.14285,46009.56146,
SE,01/06/2020,BM,66471.42855,79633.90655,
SE,01/07/2020,BM,74828.57145,95400.2319,
SE,01/08/2020,BM,59714.2857,60853.1884,
SE,01/09/2020,BM,47828.57143,40950.16892,
SE,01/10/2020,BM,45857.14286,21846.95511,
SE,01/11/2020,BM,38571.42857,10249.71348,
SE,01/12/2020,BM,26571.42857,18769.34777,
SG,01/01/2019,BM,14938.55812,16169.29715,
SG,01/02/2019,BM,17127.88629,14413.69286,
SG,01/03/2019,BM,30102.49883,29230.84286,
SG,01/04/2019,BM,28849.36127,27688,
SG,01/05/2019,BM,33288.23506,37451.07,
SG,01/06/2019,BM,21870.79972,48048.75715,
SG,01/07/2019,BM,22912.0385,40913.12286,
SG,01/08/2019,BM,24443.35869,38335.96,
SG,01/09/2019,BM,23729.86057,42570.20143,
SG,01/10/2019,BM,27866.25975,43130.76429,
SG,01/11/2019,BM,26433.30446,41988.52,
SG,01/12/2019,BM,26710.0568,43577.60429,
SG,01/01/2020,BM,34971.42857,46003.34897,
SG,01/02/2020,BM,40500,52418.08985,
SG,01/03/2020,BM,43085.71429,51470.0971,
SG,01/04/2020,BM,46057.14286,51860.10095,
SG,01/05/2020,BM,50914.2857,51049.11885,
SG,01/06/2020,BM,50764.2857,47635.55502,
SG,01/07/2020,BM,53000,48567.39079,
SG,01/08/2020,BM,52164.2857,44046.11732,
SG,01/09/2020,BM,47614.28572,43436.42918,
SG,01/10/2020,BM,44314.28572,40631.8033,
SG,01/11/2020,BM,51071.42855,40821.3697,
SG,01/12/2020,BM,48085.71429,43824.65634,
SI,01/01/2019,BM,598.8492,441.2942855,
SI,01/02/2019,BM,743.9498715,1117.088572,
SI,01/03/2019,BM,661.8034285,0,
SI,01/04/2019,BM,1100.816543,2070.932857,
SI,01/05/2019,BM,1123.6896,2289.101429,
SI,01/06/2019,BM,1923.705986,5074.857145,
SI,01/07/2019,BM,2730.2665,5431.472855,
SI,01/08/2019,BM,2827.086286,4382.794286,
SI,01/09/2019,BM,1352.703086,0,
SI,01/10/2019,BM,694.0678,0,
SI,01/11/2019,BM,546.887857,0,
SI,01/12/2019,BM,574.4800285,0,
SI,01/01/2020,BM,1050,4495.583438,
SI,01/02/2020,BM,1571.428572,0,
SI,01/03/2020,BM,1371.428572,0,
SI,01/04/2020,BM,2914.285715,4685.452444,
SI,01/05/2020,BM,3571.428572,6332.12399,
SI,01/06/2020,BM,3900,9469.195435,
SI,01/07/2020,BM,6228.57143,8932.930805,
SI,01/08/2020,BM,4850,5071.099035,
SI,01/09/2020,BM,2957.142857,0,
SI,01/10/2020,BM,3142.857143,0,
SI,01/11/2020,BM,2057.142857,0,
SI,01/12/2020,BM,2335.714286,0,
SK,01/01/2019,BM,0,0,
SK,01/02/2019,BM,0,0,
SK,01/03/2019,BM,0,0,
SK,01/04/2019,BM,29.1161,0,
SK,01/05/2019,BM,183.539,0,
SK,01/06/2019,BM,305.403943,0,
SK,01/07/2019,BM,2176.658229,2982.72,
SK,01/08/2019,BM,851.9533715,0,
SK,01/09/2019,BM,1138.946286,2303.42,
SK,01/10/2019,BM,478.3388855,0,
SK,01/11/2019,BM,438.5879715,0,
SK,01/12/2019,BM,1223.784,3214.357143,
SK,01/01/2020,BM,1680,6765.198375,
SK,01/02/2020,BM,2525.714286,6989.07865,
SK,01/03/2020,BM,1528.571429,0,
SK,01/04/2020,BM,1062.857143,0,
SK,01/05/2020,BM,1097.142857,0,
SK,01/06/2020,BM,2771.428572,6660.29037,
SK,01/07/2020,BM,3028.571429,7805.47352,
SK,01/08/2020,BM,3392.857143,7099.538645,
SK,01/09/2020,BM,1992.857143,0,
SK,01/10/2020,BM,678.5714285,0,
SK,01/11/2020,BM,671.4285715,0,
SK,01/12/2020,BM,650,0,
TH,01/01/2019,BM,1052.094172,0,
TH,01/02/2019,BM,1566.5698,0,
TH,01/03/2019,BM,1674.890715,2837.142857,
TH,01/04/2019,BM,1996.454,5236.29857,
TH,01/05/2019,BM,1829.449772,6324.90857,
TH,01/06/2019,BM,838.528457,1075.467143,
TH,01/07/2019,BM,1709.697,12223.14286,
TH,01/08/2019,BM,916.040143,0,
TH,01/09/2019,BM,677.9885145,0,
TH,01/10/2019,BM,515.8370285,0,
TH,01/11/2019,BM,510.667143,0,
TH,01/12/2019,BM,635.5877145,0,
TH,01/01/2020,BM,2910,12686.56556,
TH,01/02/2020,BM,3714.285715,11415.49513,
TH,01/03/2020,BM,5138.57143,7952.08631,
TH,01/04/2020,BM,5708.57143,10476.78808,
TH,01/05/2020,BM,5091.42857,7929.678205,
TH,01/06/2020,BM,5021.42857,9208.57538,
TH,01/07/2020,BM,4550,8846.203325,
TH,01/08/2020,BM,4205.714286,9301.84451,
TH,01/09/2020,BM,4782.857143,8160.783665,
TH,01/10/2020,BM,5754.285715,9009.66073,
TH,01/11/2020,BM,6768.57143,12778.86356,
TH,01/12/2020,BM,6768.57143,11686.57502,
TR,01/01/2019,BM,3038.452843,20068.3,
TR,01/02/2019,BM,2537.6351,6107.77143,
TR,01/03/2019,BM,3127.003,9466.28857,
TR,01/04/2019,BM,5070.837985,20861.13143,
TR,01/05/2019,BM,3569.4,9498.385715,
TR,01/06/2019,BM,10684.95229,31053.15715,
TR,01/07/2019,BM,14435.30582,25170.38572,
TR,01/08/2019,BM,6608.1951,20321.18143,
TR,01/09/2019,BM,2948.8608,5113.197145,
TR,01/10/2019,BM,1692.334143,5470.18857,
TR,01/11/2019,BM,2728.271357,5928.15,
TR,01/12/2019,BM,3136.685572,6106.962855,
TR,01/01/2020,BM,21000,42409.79198,
TR,01/02/2020,BM,16285.71429,23442.53464,
TR,01/03/2020,BM,15714.28572,10377.03571,
TR,01/04/2020,BM,16028.57143,9931.12203,
TR,01/05/2020,BM,24042.85715,47200.46551,
TR,01/06/2020,BM,34257.14286,59725.42995,
TR,01/07/2020,BM,37142.85715,65912.8875,
TR,01/08/2020,BM,26328.57143,43430.34101,
TR,01/09/2020,BM,18514.28572,16453.19287,
TR,01/10/2020,BM,12214.28572,11041.2509,
TR,01/11/2020,BM,12985.71429,10427.1977,
TR,01/12/2020,BM,11571.42857,12062.84733,
TW,01/01/2019,BM,4085.821929,18680.7,
TW,01/02/2019,BM,2028.024429,195.432857,
TW,01/03/2019,BM,22013.93875,77454.65715,
TW,01/04/2019,BM,15985.3536,25897.06,
TW,01/05/2019,BM,13801.19629,26887.35,
TW,01/06/2019,BM,9974.3895,21968.22857,
TW,01/07/2019,BM,10536.78893,26184.9,
TW,01/08/2019,BM,8483.618,25116.91715,
TW,01/09/2019,BM,7819.323785,61827.85145,
TW,01/10/2019,BM,6522.479,25953.17143,
TW,01/11/2019,BM,6598.7233,14954.09143,
TW,01/12/2019,BM,7637.459755,15199.30286,
TW,01/01/2020,BM,11571.42857,45828.7632,
TW,01/02/2020,BM,14457.14286,41060.83706,
TW,01/03/2020,BM,17642.85715,53596.47915,
TW,01/04/2020,BM,17357.14286,49910.2543,
TW,01/05/2020,BM,21200,55406.0849,
TW,01/06/2020,BM,17642.85715,46477.24366,
TW,01/07/2020,BM,20057.14286,40328.27986,
TW,01/08/2020,BM,16714.28572,42597.23188,
TW,01/09/2020,BM,19314.28572,40365.16651,
TW,01/10/2020,BM,18850,52556.35425,
TW,01/11/2020,BM,18128.57143,45258.4751,
TW,01/12/2020,BM,19471.42857,53711.0266,
UK,01/01/2019,BM,382109.2511,263556.4386,
UK,01/02/2019,BM,292600.9145,243576.96,
UK,01/03/2019,BM,386817.4255,228828.7543,
UK,01/04/2019,BM,294995.0497,241999.68,
UK,01/05/2019,BM,325270.4866,268226.3572,
UK,01/06/2019,BM,298557.2432,302807.1,
UK,01/07/2019,BM,372199.9564,412991.8857,
UK,01/08/2019,BM,330833.5195,323759.8,
UK,01/09/2019,BM,300668.0788,215744.2343,
UK,01/10/2019,BM,309002.9561,149910.67,
UK,01/11/2019,BM,217868.0088,529.2,
UK,01/12/2019,BM,201845.1882,48924.59,
UK,01/01/2020,BM,431571.4286,283090.8173,
UK,01/02/2020,BM,363750,295565.2239,
UK,01/03/2020,BM,352500,264763.6943,
UK,01/04/2020,BM,339285.7143,249100.1876,
UK,01/05/2020,BM,416428.5715,289956.0905,
UK,01/06/2020,BM,377142.8572,318427.0346,
UK,01/07/2020,BM,390857.1429,355308.0456,
UK,01/08/2020,BM,421428.5715,336974.5308,
UK,01/09/2020,BM,325000,245803.389,
UK,01/10/2020,BM,335714.2857,171713.534,
UK,01/11/2020,BM,317428.5715,126568.4316,
UK,01/12/2020,BM,324642.8572,179334.3302,
US,01/01/2019,BM,465251.5647,785939.4715,
US,01/02/2019,BM,628519.2045,789662.5715,
US,01/03/2019,BM,843478.5295,825824.957,
US,01/04/2019,BM,745528.6515,1059459.429,
US,01/05/2019,BM,1032506.571,1074816.137,
US,01/06/2019,BM,1150558.192,1451053.65,
US,01/07/2019,BM,1560694.642,1908286.127,
US,01/08/2019,BM,1122670.506,1454190.075,
US,01/09/2019,BM,750646.8605,515688.0285,
US,01/10/2019,BM,616329.3015,460793.5643,
US,01/11/2019,BM,459116.9223,322373.8143,
US,01/12/2019,BM,451921.8825,166043.2115,
US,01/01/2020,BM,871000,1156630.691,
US,01/02/2020,BM,985714.2855,991284.3215,
US,01/03/2020,BM,1085714.286,1241603.22,
US,01/04/2020,BM,1127000,1152446.688,
US,01/05/2020,BM,1189285.715,1541639.82,
US,01/06/2020,BM,1565857.143,1853442.978,
US,01/07/2020,BM,1810785.715,1942478.813,
US,01/08/2020,BM,1369714.286,1450479.212,
US,01/09/2020,BM,1001000,680504.057,
US,01/10/2020,BM,1062285.715,506572.591,
US,01/11/2020,BM,829285.7145,453915.8826,
US,01/12/2020,BM,808285.7145,422015.2092,
UY,01/01/2019,BM,0,0,
UY,01/02/2019,BM,0,0,
UY,01/03/2019,BM,0,0,
UY,01/04/2019,BM,0,0,
UY,01/05/2019,BM,0,0,
UY,01/06/2019,BM,0,0,
UY,01/07/2019,BM,0,0,
UY,01/08/2019,BM,0,0,
UY,01/09/2019,BM,0,0,
UY,01/10/2019,BM,0.0443145,0,
UY,01/11/2019,BM,125.5124,0,
UY,01/12/2019,BM,850.1352,0,
UY,01/01/2020,BM,0,0,
UY,01/02/2020,BM,735.7142855,6697.86704,
UY,01/03/2020,BM,1028.571429,0,
UY,01/04/2020,BM,1285.714286,7421.05822,
UY,01/05/2020,BM,848.5714285,0,
UY,01/06/2020,BM,2005.714286,7167.05159,
UY,01/07/2020,BM,1060,0,
UY,01/08/2020,BM,1920,7099.538645,
UY,01/09/2020,BM,1820,0,
UY,01/10/2020,BM,2228.571429,7581.65895,
UY,01/11/2020,BM,2200,0,
UY,01/12/2020,BM,2422.857143,7894.34045,
VN,01/01/2019,BM,28.842943,0,
VN,01/02/2019,BM,59.4493715,0,
VN,01/03/2019,BM,114.2764,761,
VN,01/04/2019,BM,626.559943,8110.397145,
VN,01/05/2019,BM,194.2794285,0,
VN,01/06/2019,BM,136.616057,195.8,
VN,01/07/2019,BM,460.5032,3938.6,
VN,01/08/2019,BM,447.7085715,1519.508572,
VN,01/09/2019,BM,108.0912285,0,
VN,01/10/2019,BM,91.467,0,
VN,01/11/2019,BM,208.6244285,3533.341429,
VN,01/12/2019,BM,196.3490285,0,
VN,01/01/2020,BM,1311.428572,3600.831394,
VN,01/02/2020,BM,548.5714285,0,
VN,01/03/2020,BM,1524.285715,5250.415965,
VN,01/04/2020,BM,1611.428572,4321.67508,
VN,01/05/2020,BM,764.2857145,0,
VN,01/06/2020,BM,1542.857143,4560.851013,
VN,01/07/2020,BM,1834.285715,4162.919211,
VN,01/08/2020,BM,780,0,
VN,01/09/2020,BM,2121.428572,6318.02606,
VN,01/10/2020,BM,2308.571429,5947.553815,
VN,01/11/2020,BM,891.4285715,0,
VN,01/12/2020,BM,628.5714285,0,
ZA,01/01/2019,BM,804.3745,3353.978572,
ZA,01/02/2019,BM,626.905557,140.4342855,
ZA,01/03/2019,BM,955.8163855,728.5042855,
ZA,01/04/2019,BM,676.3686285,384.6857145,
ZA,01/05/2019,BM,1055.909915,6000.37143,
ZA,01/06/2019,BM,729.2238145,353.1714285,
ZA,01/07/2019,BM,2337.730715,8777.57143,
ZA,01/08/2019,BM,3219.9512,14431.8,
ZA,01/09/2019,BM,3416.452829,8414.195715,
ZA,01/10/2019,BM,3606.5861,12239.22857,
ZA,01/11/2019,BM,3256.7314,12464.25429,
ZA,01/12/2019,BM,4540.361572,15969.90286,
ZA,01/01/2020,BM,6714.285715,19480.86157,
ZA,01/02/2020,BM,7071.42857,17996.87752,
ZA,01/03/2020,BM,6834.285715,15219.65238,
ZA,01/04/2020,BM,7798.57143,13969.05077,
ZA,01/05/2020,BM,6814.285715,12548.06222,
ZA,01/06/2020,BM,7150,14073.48313,
ZA,01/07/2020,BM,7874.285715,13399.39621,
ZA,01/08/2020,BM,9171.42857,14503.34324,
ZA,01/09/2020,BM,10600,20270.33362,
ZA,01/10/2020,BM,10285.71429,23481.06024,
ZA,01/11/2020,BM,10742.85715,19567.63482,
ZA,01/12/2020,BM,10928.57143,20038.34454,
