Country,Month,Department,Total Revenues,Total Spend
AA,01/01/2019,SEM,0,0
AA,01/02/2019,SEM,53.140815,0
AA,01/03/2019,SEM,795.462629,164.5230859
AA,01/04/2019,SEM,940.326552,0
AA,01/05/2019,SEM,2015.662444,3254.0378
AA,01/06/2019,SEM,6558.048135,0
AA,01/07/2019,SEM,17347.01155,34749.56983
AA,01/08/2019,SEM,14392.48846,23365.66977
AA,01/09/2019,SEM,8403.43165,12535.5087
AA,01/10/2019,SEM,4327.1763,6120.559545
AA,01/11/2019,SEM,3746.530716,3794.410286
AA,01/12/2019,SEM,3635.896433,4650.442972
AA,01/01/2020,SEM,10921.05209,14787.2367
AA,01/02/2020,SEM,10597.58414,13080.00143
AA,01/03/2020,SEM,16324.71441,18973.70733
AA,01/04/2020,SEM,15533.0745,16308.25421
AA,01/05/2020,SEM,18733.82576,23598.16436
AA,01/06/2020,SEM,21373.25678,24864.92745
AA,01/07/2020,SEM,24162.7188,28781.57865
AA,01/08/2020,SEM,26939.03667,29316.64843
AA,01/09/2020,SEM,24061.81883,30389.80557
AA,01/10/2020,SEM,34312.48273,44673.98408
AA,01/11/2020,SEM,38068.72642,34002.38076
AA,01/12/2020,SEM,36061.33669,36551.00953
AE,01/01/2019,SEM,1594.996892,2702.777143
AE,01/02/2019,SEM,1624.510909,2379.537486
AE,01/03/2019,SEM,2158.486902,4721.765714
AE,01/04/2019,SEM,2598.342214,4059.142857
AE,01/05/2019,SEM,3737.812886,5327.291545
AE,01/06/2019,SEM,3350.57346,6286.652855
AE,01/07/2019,SEM,7566.01783,11024.51793
AE,01/08/2019,SEM,4863.824887,6550.26377
AE,01/09/2019,SEM,5652.825775,9197.34857
AE,01/10/2019,SEM,2866.625477,4219.251429
AE,01/11/2019,SEM,4301.428259,5352.192
AE,01/12/2019,SEM,5793.2695,9532.672285
AE,01/01/2020,SEM,7612.62167,11227.87002
AE,01/02/2020,SEM,6917.2116,9386.686485
AE,01/03/2020,SEM,9039.02216,12911.81138
AE,01/04/2020,SEM,9584.48929,11535.46842
AE,01/05/2020,SEM,9977.9178,16044.32914
AE,01/06/2020,SEM,11672.86747,17156.11625
AE,01/07/2020,SEM,11825.93948,15930.47517
AE,01/08/2020,SEM,13202.36831,18061.16823
AE,01/09/2020,SEM,11952.69871,14827.85128
AE,01/10/2020,SEM,15736.54089,19361.87428
AE,01/11/2020,SEM,11689.7821,18239.33671
AE,01/12/2020,SEM,13311.90658,16879.14951
AR,01/01/2019,SEM,2150.8704,5931.7494
AR,01/02/2019,SEM,3285.764912,6300.457715
AR,01/03/2019,SEM,1087.4812,2394.8633
AR,01/04/2019,SEM,754.740246,1417.397143
AR,01/05/2019,SEM,2192.192116,4245.822
AR,01/06/2019,SEM,3379.853568,7100.756
AR,01/07/2019,SEM,8402.684185,19829.412
AR,01/08/2019,SEM,8171.347995,21404.9404
AR,01/09/2019,SEM,10613.13981,16316.65869
AR,01/10/2019,SEM,15746.1834,24929.424
AR,01/11/2019,SEM,17640.68075,24479.5716
AR,01/12/2019,SEM,21970.63433,30224.907
AR,01/01/2020,SEM,18892.66763,29153.98792
AR,01/02/2020,SEM,20772.2164,27607.94311
AR,01/03/2020,SEM,15755.44567,22129.2396
AR,01/04/2020,SEM,13289.51395,15124.95382
AR,01/05/2020,SEM,13766.4704,17281.62683
AR,01/06/2020,SEM,13767.43603,18730.24746
AR,01/07/2020,SEM,25412.33566,28671.08862
AR,01/08/2020,SEM,23014.79686,29069.30482
AR,01/09/2020,SEM,23060.511,28434.34049
AR,01/10/2020,SEM,22264.36677,28678.0277
AR,01/11/2020,SEM,27594.04583,32183.9491
AR,01/12/2020,SEM,31591.66664,36500.52997
AT,01/01/2019,SEM,18704.75001,22300.21337
AT,01/02/2019,SEM,20169.65354,18439.4812
AT,01/03/2019,SEM,24308.6299,21530.3517
AT,01/04/2019,SEM,28026.07767,28675.89532
AT,01/05/2019,SEM,35050.60707,45159.25269
AT,01/06/2019,SEM,42197.65337,36283.90629
AT,01/07/2019,SEM,40921.22013,47495.83869
AT,01/08/2019,SEM,40106.65969,39808.18286
AT,01/09/2019,SEM,27396.02705,25095.50486
AT,01/10/2019,SEM,23925.7451,22843.3912
AT,01/11/2019,SEM,20398.17952,21344.55022
AT,01/12/2019,SEM,21624.12075,22804.02343
AT,01/01/2020,SEM,28397.4,29376
AT,01/02/2020,SEM,23539.95,27499.5
AT,01/03/2020,SEM,27910.224,24105.6
AT,01/04/2020,SEM,26045.26896,29091.74383
AT,01/05/2020,SEM,29229.18708,27097.47267
AT,01/06/2020,SEM,41421.06276,37880.2557
AT,01/07/2020,SEM,58319.2521,57310.5858
AT,01/08/2020,SEM,48096.74793,44545.67309
AT,01/09/2020,SEM,31837.18981,25322.10274
AT,01/10/2020,SEM,24934.11263,18935.81195
AT,01/11/2020,SEM,19910.95107,20203.81253
AT,01/12/2020,SEM,21429.57182,21246.55859
AU,01/01/2019,SEM,68079.2366,83317.185
AU,01/02/2019,SEM,57591.05275,63180.13715
AU,01/03/2019,SEM,57134.1481,64989.6216
AU,01/04/2019,SEM,38237.75859,45647.55077
AU,01/05/2019,SEM,51795.36355,60945.6343
AU,01/06/2019,SEM,44289.39854,51659.3728
AU,01/07/2019,SEM,63437.0293,60988.53255
AU,01/08/2019,SEM,50128.4612,58616.78855
AU,01/09/2019,SEM,59430.13775,54324.76285
AU,01/10/2019,SEM,42328.65452,50065.0983
AU,01/11/2019,SEM,50355.9684,60215.796
AU,01/12/2019,SEM,53164.8862,64030.68
AU,01/01/2020,SEM,79265.3778,93125.0895
AU,01/02/2020,SEM,70213.36115,71691.53715
AU,01/03/2020,SEM,75589.1194,81112.494
AU,01/04/2020,SEM,55026.4712,57922.60125
AU,01/05/2020,SEM,76519.56115,67010.6464
AU,01/06/2020,SEM,62791.05165,72104.55695
AU,01/07/2020,SEM,62156.7986,58102.94515
AU,01/08/2020,SEM,51747.93555,62395.77445
AU,01/09/2020,SEM,47433.40862,55685.20955
AU,01/10/2020,SEM,53950.70765,57218.9379
AU,01/11/2020,SEM,64551.54845,61054.2653
AU,01/12/2020,SEM,68905.4652,67072.2371
BE,01/01/2019,SEM,15221.35072,11356.3008
BE,01/02/2019,SEM,13926.9404,13824.36
BE,01/03/2019,SEM,15631.18466,13124.1578
BE,01/04/2019,SEM,14048.32896,13485.63857
BE,01/05/2019,SEM,17153.7452,19647.58457
BE,01/06/2019,SEM,16939.72711,18638.4996
BE,01/07/2019,SEM,33097.52132,26832.96
BE,01/08/2019,SEM,25693.52997,27223.8512
BE,01/09/2019,SEM,15539.70605,16901.46926
BE,01/10/2019,SEM,19958.98392,21194.8272
BE,01/11/2019,SEM,15336.88921,14039.48
BE,01/12/2019,SEM,17364.54818,17247.45686
BE,01/01/2020,SEM,20872.95,19972.26075
BE,01/02/2020,SEM,17312.1,20104.74341
BE,01/03/2020,SEM,18881.20473,16620.20403
BE,01/04/2020,SEM,21599.8955,17510.73718
BE,01/05/2020,SEM,20905.45494,27506.6621
BE,01/06/2020,SEM,22082.57456,27432.80336
BE,01/07/2020,SEM,31578.59933,31760.25064
BE,01/08/2020,SEM,37815.96918,30891.67906
BE,01/09/2020,SEM,18955.59644,19686.16862
BE,01/10/2020,SEM,18671.76201,15286.63045
BE,01/11/2020,SEM,14732.81838,18125.79323
BE,01/12/2020,SEM,15727.49229,14952.2197
BG,01/01/2019,SEM,864.0918,1703.592
BG,01/02/2019,SEM,1274.083308,1940.506757
BG,01/03/2019,SEM,1383.047085,2389.817486
BG,01/04/2019,SEM,1786.712429,2146.1208
BG,01/05/2019,SEM,2583.934572,3654.464243
BG,01/06/2019,SEM,4994.5275,6765.2
BG,01/07/2019,SEM,9735.67239,14222.52
BG,01/08/2019,SEM,6345.977925,8976.1023
BG,01/09/2019,SEM,2400.028895,3376.5
BG,01/10/2019,SEM,1741.474966,2768.107886
BG,01/11/2019,SEM,1951.940515,2706.242
BG,01/12/2019,SEM,2651.69376,2978.987786
BG,01/01/2020,SEM,2599.094616,3394.157193
BG,01/02/2020,SEM,2220.052854,3139.646516
BG,01/03/2020,SEM,2385.107488,2541.063952
BG,01/04/2020,SEM,3747.617882,4552.63077
BG,01/05/2020,SEM,3779.395759,5005.768075
BG,01/06/2020,SEM,7202.696145,7500.41889
BG,01/07/2020,SEM,10864.24367,16680.57279
BG,01/08/2020,SEM,8533.45601,10645.48249
BG,01/09/2020,SEM,4771.598684,5717.7155
BG,01/10/2020,SEM,3498.965189,4336.720307
BG,01/11/2020,SEM,2891.935119,3879.453868
BG,01/12/2020,SEM,3628.016805,3562.867233
BR,01/01/2019,SEM,30785.14485,46479.6444
BR,01/02/2019,SEM,24239.70563,29176.14703
BR,01/03/2019,SEM,30304.60902,43157.75043
BR,01/04/2019,SEM,32958.29764,48524.11457
BR,01/05/2019,SEM,39921.94468,50590.6272
BR,01/06/2019,SEM,37853.11341,42078.82857
BR,01/07/2019,SEM,65118.6824,66244.8617
BR,01/08/2019,SEM,50383.51625,70049.10855
BR,01/09/2019,SEM,54553.47035,61565.41425
BR,01/10/2019,SEM,56016.54405,56159.08715
BR,01/11/2019,SEM,63045.18645,68077.281
BR,01/12/2019,SEM,66869.91305,76821.92145
BR,01/01/2020,SEM,77020.6273,77979.1337
BR,01/02/2020,SEM,37011.18121,44906.50853
BR,01/03/2020,SEM,56128.5642,45638.48132
BR,01/04/2020,SEM,70265.52965,64065.62995
BR,01/05/2020,SEM,61014.95925,68231.7824
BR,01/06/2020,SEM,70596.246,56240.19595
BR,01/07/2020,SEM,77260.6895,86110.31815
BR,01/08/2020,SEM,72204.82255,79456.16155
BR,01/09/2020,SEM,63175,67298
BR,01/10/2020,SEM,68479.2016,75251.8699
BR,01/11/2020,SEM,106797.005,100209.8682
BR,01/12/2020,SEM,93845.58945,83283.92155
CA,01/01/2019,SEM,36547.71183,42537.98172
CA,01/02/2019,SEM,45289.6665,52510.44325
CA,01/03/2019,SEM,76107.4938,85534.7361
CA,01/04/2019,SEM,55001.50395,68217.5945
CA,01/05/2019,SEM,90332.24905,104268.3645
CA,01/06/2019,SEM,90889.26945,117031.1529
CA,01/07/2019,SEM,178533.7343,171176.3157
CA,01/08/2019,SEM,176462.3655,147669.9229
CA,01/09/2019,SEM,84356.8127,80506.7297
CA,01/10/2019,SEM,67627.4155,66465.41315
CA,01/11/2019,SEM,74412.54625,56220.1913
CA,01/12/2019,SEM,65686.49925,76624.35285
CA,01/01/2020,SEM,98559.84,85177.3585
CA,01/02/2020,SEM,113311.3158,108877.0505
CA,01/03/2020,SEM,100111.8921,89665.0737
CA,01/04/2020,SEM,121147.8709,137571.8311
CA,01/05/2020,SEM,133656.1185,154227.0816
CA,01/06/2020,SEM,190629.6666,157705.2395
CA,01/07/2020,SEM,280583.5647,232759.8732
CA,01/08/2020,SEM,298501.875,272537.9717
CA,01/09/2020,SEM,143165.1186,137789.9464
CA,01/10/2020,SEM,115485.8165,117974.5266
CA,01/11/2020,SEM,124400.5963,96784.51355
CA,01/12/2020,SEM,108846.501,94935.5384
CH,01/01/2019,SEM,24042.79933,28215.20297
CH,01/02/2019,SEM,23714.18351,23207.79155
CH,01/03/2019,SEM,30818.79111,29369.11543
CH,01/04/2019,SEM,31933.22702,27840.6102
CH,01/05/2019,SEM,35793.32082,38508.72009
CH,01/06/2019,SEM,33507.71553,41629.88469
CH,01/07/2019,SEM,46458.25186,49828.75143
CH,01/08/2019,SEM,45067.30898,49007.02857
CH,01/09/2019,SEM,43214.2838,39170.6952
CH,01/10/2019,SEM,36078.98097,35329.76126
CH,01/11/2019,SEM,31243.57833,34205.01326
CH,01/12/2019,SEM,30499.78557,32818.28446
CH,01/01/2020,SEM,37671.64286,34971.42857
CH,01/02/2020,SEM,39871.74857,30498
CH,01/03/2020,SEM,35417.25,31500
CH,01/04/2020,SEM,34579.12208,27961.55424
CH,01/05/2020,SEM,39036.8428,40231.84819
CH,01/06/2020,SEM,42411.68824,37371.96037
CH,01/07/2020,SEM,63610.3811,58838.31045
CH,01/08/2020,SEM,61208.90085,56742.5602
CH,01/09/2020,SEM,52303.03555,52115.21835
CH,01/10/2020,SEM,40967.58073,34178.30692
CH,01/11/2020,SEM,31731.8076,29991.37909
CH,01/12/2020,SEM,42077.73915,31983.61844
CL,01/01/2019,SEM,1002.28719,3190.203
CL,01/02/2019,SEM,1177.768965,2783.937
CL,01/03/2019,SEM,308.0143544,750.9263425
CL,01/04/2019,SEM,432.998592,1031.566629
CL,01/05/2019,SEM,1235.816829,3251.695886
CL,01/06/2019,SEM,1059.177766,2276.6016
CL,01/07/2019,SEM,2547.878143,4423.1031
CL,01/08/2019,SEM,1961.118284,3753.186
CL,01/09/2019,SEM,1641.935178,3483.751857
CL,01/10/2019,SEM,1742.337729,4362.9976
CL,01/11/2019,SEM,2229.142198,3643.631086
CL,01/12/2019,SEM,2987.7012,5314.11543
CL,01/01/2020,SEM,3864.312271,5529.71958
CL,01/02/2020,SEM,3482.008851,5024.543795
CL,01/03/2020,SEM,1862.148281,3241.378508
CL,01/04/2020,SEM,2726.351347,2931.244347
CL,01/05/2020,SEM,2890.187637,3863.684652
CL,01/06/2020,SEM,2665.742918,4322.119398
CL,01/07/2020,SEM,4736.88,7098.685715
CL,01/08/2020,SEM,3936.66,6237
CL,01/09/2020,SEM,3946.8,5623.8
CL,01/10/2020,SEM,4104.1,7022.714285
CL,01/11/2020,SEM,5150.25,6328.285715
CL,01/12/2020,SEM,4464,6443.57143
CN,01/01/2019,SEM,105.162624,914.487
CN,01/02/2019,SEM,179.752023,939.2794715
CN,01/03/2019,SEM,210.0868102,1203.342172
CN,01/04/2019,SEM,209.602337,2300.714743
CN,01/05/2019,SEM,181.9276327,1390.376571
CN,01/06/2019,SEM,182.0788322,1391
CN,01/07/2019,SEM,252.841582,1741.876115
CN,01/08/2019,SEM,206.1402325,1565.4352
CN,01/09/2019,SEM,227.7332849,1272.428572
CN,01/10/2019,SEM,611.8698805,2959.897758
CN,01/11/2019,SEM,545.238122,2802.841971
CN,01/12/2019,SEM,953.32926,4445.814857
CN,01/01/2020,SEM,678.8571425,1260.128572
CN,01/02/2020,SEM,409.5,786.857143
CN,01/03/2020,SEM,599.6571425,1051.428572
CN,01/04/2020,SEM,820.114286,1528.8
CN,01/05/2020,SEM,970,2160
CN,01/06/2020,SEM,1020,1980
CN,01/07/2020,SEM,1492.857143,2985.714286
CN,01/08/2020,SEM,1428.571429,2771.428572
CN,01/09/2020,SEM,1803.571429,3785.714286
CN,01/10/2020,SEM,1430,2922.857143
CN,01/11/2020,SEM,1428.571429,2828.571429
CN,01/12/2020,SEM,1400,2571.428572
CO,01/01/2019,SEM,1081.020857,2127.871429
CO,01/02/2019,SEM,2329.3059,4412.32
CO,01/03/2019,SEM,1181.8616,2871.388572
CO,01/04/2019,SEM,1118.465857,2044.995715
CO,01/05/2019,SEM,3166.821357,5783.55143
CO,01/06/2019,SEM,3488.071429,7093.80857
CO,01/07/2019,SEM,6005.88843,10487.78572
CO,01/08/2019,SEM,5324.29857,8579.802855
CO,01/09/2019,SEM,4419.0345,8907.324285
CO,01/10/2019,SEM,4937.3805,10033.50857
CO,01/11/2019,SEM,7561.410685,10763.35715
CO,01/12/2019,SEM,10152.6432,14672.74286
CO,01/01/2020,SEM,8402.890165,12529.04054
CO,01/02/2020,SEM,8116.07143,10928.57143
CO,01/03/2020,SEM,9744.642855,13235.71429
CO,01/04/2020,SEM,8249.705995,11319.98493
CO,01/05/2020,SEM,8325.278635,11786.99244
CO,01/06/2020,SEM,11198.9111,16331.74535
CO,01/07/2020,SEM,10219.43104,15139.89783
CO,01/08/2020,SEM,11252.2766,12684.38453
CO,01/09/2020,SEM,11422.45971,15517.30375
CO,01/10/2020,SEM,13159.41069,15108.95302
CO,01/11/2020,SEM,13017.89193,17041.60398
CO,01/12/2020,SEM,10400.24896,13152.20486
CZ,01/01/2019,SEM,2073.243686,2646.78
CZ,01/02/2019,SEM,2438.351943,3495.577143
CZ,01/03/2019,SEM,3748.067486,4475.31
CZ,01/04/2019,SEM,3841.913429,4780.2
CZ,01/05/2019,SEM,4819.479815,5869.507145
CZ,01/06/2019,SEM,5994.07297,8865.842855
CZ,01/07/2019,SEM,5623.898655,8314.59857
CZ,01/08/2019,SEM,4618.404,5911
CZ,01/09/2019,SEM,2719.7604,4101.852857
CZ,01/10/2019,SEM,2399.134072,3441.797143
CZ,01/11/2019,SEM,2117.239715,3399.368572
CZ,01/12/2019,SEM,1724.457643,2757.542857
CZ,01/01/2020,SEM,3558.449724,4700.257579
CZ,01/02/2020,SEM,3627.871898,4146.139312
CZ,01/03/2020,SEM,4286.144789,5306.655455
CZ,01/04/2020,SEM,5201.744655,6799.66622
CZ,01/05/2020,SEM,6668.09246,8052.036175
CZ,01/06/2020,SEM,7960.29346,9412.170885
CZ,01/07/2020,SEM,9806.169735,13972.18956
CZ,01/08/2020,SEM,7500.23001,11075.60848
CZ,01/09/2020,SEM,3961.175849,5674.87604
CZ,01/10/2020,SEM,3364.616864,5225.63205
CZ,01/11/2020,SEM,3592.669716,4375.687475
CZ,01/12/2020,SEM,3333.706894,4620.979852
DE,01/01/2019,SEM,180122.0668,204003.9072
DE,01/02/2019,SEM,201365.4874,206089.92
DE,01/03/2019,SEM,258500.3093,248675.99
DE,01/04/2019,SEM,239760.4121,196903.68
DE,01/05/2019,SEM,340435.5693,279367.4
DE,01/06/2019,SEM,287828.7915,244092.5829
DE,01/07/2019,SEM,388714.0251,421670.0715
DE,01/08/2019,SEM,369521.0545,371699.4286
DE,01/09/2019,SEM,281839.6347,304845.7515
DE,01/10/2019,SEM,282077.5152,252208.4529
DE,01/11/2019,SEM,248197.1251,232561.7772
DE,01/12/2019,SEM,225946.2502,181287.34
DE,01/01/2020,SEM,252421.7143,252323.7245
DE,01/02/2020,SEM,228719.7417,233711.6408
DE,01/03/2020,SEM,268525.7143,227267.8572
DE,01/04/2020,SEM,261714.8427,212430.8788
DE,01/05/2020,SEM,295824.2888,306277.0467
DE,01/06/2020,SEM,358046.7407,309997.1781
DE,01/07/2020,SEM,513872.857,411202.1684
DE,01/08/2020,SEM,436151.4342,393747.8225
DE,01/09/2020,SEM,290088.143,292790.8275
DE,01/10/2020,SEM,256630.1172,262549.413
DE,01/11/2020,SEM,229977.2367,231003.9208
DE,01/12/2020,SEM,208990.9638,188605.5165
DK,01/01/2019,SEM,21206.51749,18940.04
DK,01/02/2019,SEM,17689.29,15697.06
DK,01/03/2019,SEM,23530.1521,26968.82286
DK,01/04/2019,SEM,24864.30595,25330.56857
DK,01/05/2019,SEM,33487.75337,30142.95715
DK,01/06/2019,SEM,34808.75545,34643.31429
DK,01/07/2019,SEM,63440.41885,57732.14285
DK,01/08/2019,SEM,28349.80389,26138.82857
DK,01/09/2019,SEM,28098.5502,28466
DK,01/10/2019,SEM,23723.4907,24079.95857
DK,01/11/2019,SEM,18886.99402,18916.93715
DK,01/12/2019,SEM,21226.84479,20095.97143
DK,01/01/2020,SEM,27158.5002,27552.10165
DK,01/02/2020,SEM,24173.07088,19398.1433
DK,01/03/2020,SEM,35889.41288,30140.89221
DK,01/04/2020,SEM,28172.14519,28228.0423
DK,01/05/2020,SEM,40354.11533,36316.94084
DK,01/06/2020,SEM,44203.03625,39318.06459
DK,01/07/2020,SEM,72998.8578,77488.8669
DK,01/08/2020,SEM,35222.73738,32853.80512
DK,01/09/2020,SEM,35415.95786,31437.18867
DK,01/10/2020,SEM,36447.49062,29799.8351
DK,01/11/2020,SEM,27202.63133,26452.6841
DK,01/12/2020,SEM,29876.15898,26872.73559
EC,01/01/2019,SEM,0,0
EC,01/02/2019,SEM,0,0
EC,01/03/2019,SEM,0,0
EC,01/04/2019,SEM,0,0
EC,01/05/2019,SEM,0,0
EC,01/06/2019,SEM,0,0
EC,01/07/2019,SEM,0,0
EC,01/08/2019,SEM,0,0
EC,01/09/2019,SEM,0,0
EC,01/10/2019,SEM,0,0
EC,01/11/2019,SEM,0.121143,0
EC,01/12/2019,SEM,51.394057,0
ES,01/01/2019,SEM,46692.3662,48393.56572
ES,01/02/2019,SEM,57754.4208,56645.55
ES,01/03/2019,SEM,91435.5167,75934.08
ES,01/04/2019,SEM,105821.6208,86501.66
ES,01/05/2019,SEM,131584.8679,127836.3429
ES,01/06/2019,SEM,120085.3644,122455.8572
ES,01/07/2019,SEM,178995.6482,184324.2386
ES,01/08/2019,SEM,196250.1093,181071.0086
ES,01/09/2019,SEM,97679.70155,95217.70285
ES,01/10/2019,SEM,83381.31,74796.33855
ES,01/11/2019,SEM,70384.8019,58439.9343
ES,01/12/2019,SEM,59534.5884,46989.25715
ES,01/01/2020,SEM,57930.7143,56835.7143
ES,01/02/2020,SEM,67615.26975,63294.2219
ES,01/03/2020,SEM,106197.1429,89457.14285
ES,01/04/2020,SEM,90317.85715,84700
ES,01/05/2020,SEM,105823.7856,107342.7873
ES,01/06/2020,SEM,135796.2769,123451.1608
ES,01/07/2020,SEM,200530.3116,176543.4323
ES,01/08/2020,SEM,198086.7811,187429.0508
ES,01/09/2020,SEM,94812.8913,95968.06245
ES,01/10/2020,SEM,75050.24295,75643.5255
ES,01/11/2020,SEM,58191.81255,58191.81255
ES,01/12/2020,SEM,52816.99155,49844.60676
FI,01/01/2019,SEM,12856.74657,10617.36
FI,01/02/2019,SEM,10307.4642,9483.035715
FI,01/03/2019,SEM,14473.5792,13716.85429
FI,01/04/2019,SEM,12394.1847,11499.04
FI,01/05/2019,SEM,15078.59596,14454
FI,01/06/2019,SEM,19758.76286,19203.24857
FI,01/07/2019,SEM,32013.04072,28328.33572
FI,01/08/2019,SEM,15452.24495,15102.28572
FI,01/09/2019,SEM,15174.13263,16315.66857
FI,01/10/2019,SEM,16935.92992,15991.47429
FI,01/11/2019,SEM,15356.6828,13761.3
FI,01/12/2019,SEM,12984.80272,12574.76572
FI,01/01/2020,SEM,18122.65573,14319.51557
FI,01/02/2020,SEM,14736.59274,13371.37532
FI,01/03/2020,SEM,16429.80259,17211.04923
FI,01/04/2020,SEM,16699.54606,17341.16933
FI,01/05/2020,SEM,19142.23878,16741.04738
FI,01/06/2020,SEM,22019.02984,22048.42774
FI,01/07/2020,SEM,33766.55588,29007.42552
FI,01/08/2020,SEM,16892.01541,16816.5127
FI,01/09/2020,SEM,16198.5364,14813.25306
FI,01/10/2020,SEM,17417.78107,14976.03606
FI,01/11/2020,SEM,17225.69596,17192.8732
FI,01/12/2020,SEM,14479.92993,14127.48632
FR,01/01/2019,SEM,41516.69595,36778.57429
FR,01/02/2019,SEM,49685.62757,50270.4
FR,01/03/2019,SEM,66536.59185,67775.7
FR,01/04/2019,SEM,67566.3579,70594.65
FR,01/05/2019,SEM,78031.2893,71826.9043
FR,01/06/2019,SEM,57014.20665,56420.52
FR,01/07/2019,SEM,117524.4533,103815.0772
FR,01/08/2019,SEM,149903.9031,149199.1786
FR,01/09/2019,SEM,64210.8488,71931.70285
FR,01/10/2019,SEM,66456.52775,70016.4143
FR,01/11/2019,SEM,60055.2653,54035.95715
FR,01/12/2019,SEM,66131.73915,62515.97285
FR,01/01/2020,SEM,58162.14855,55328
FR,01/02/2020,SEM,69073.2343,63246.85715
FR,01/03/2020,SEM,69914.73045,63745.78365
FR,01/04/2020,SEM,71215.85215,69819.4629
FR,01/05/2020,SEM,75288.61755,87451.61245
FR,01/06/2020,SEM,83366.54585,86735.90205
FR,01/07/2020,SEM,116066.6743,122641.2572
FR,01/08/2020,SEM,172349.6915,155717.7143
FR,01/09/2020,SEM,80385.90855,73453.7143
FR,01/10/2020,SEM,66193.92,63544
FR,01/11/2020,SEM,47213.17715,47282.85715
FR,01/12/2020,SEM,45099.15429,43739.42857
GR,01/01/2019,SEM,1012.701829,976.3714285
GR,01/02/2019,SEM,1332.618429,1419.11
GR,01/03/2019,SEM,2357.589372,1978.071429
GR,01/04/2019,SEM,4010.484343,3628.641429
GR,01/05/2019,SEM,8049.744115,7887
GR,01/06/2019,SEM,9757.494585,9651.54143
GR,01/07/2019,SEM,12057.09069,12318.56286
GR,01/08/2019,SEM,14105.74786,13282.74
GR,01/09/2019,SEM,3355.3845,3106.362857
GR,01/10/2019,SEM,2614.9623,2158.264286
GR,01/11/2019,SEM,2981.422015,2820.811429
GR,01/12/2019,SEM,3098.440572,2782.714286
GR,01/01/2020,SEM,4094.710089,4402.301819
GR,01/02/2020,SEM,3735.587942,4008.41967
GR,01/03/2020,SEM,4000.018534,4800.562896
GR,01/04/2020,SEM,4461.287738,4978.286173
GR,01/05/2020,SEM,5797.754855,5681.09577
GR,01/06/2020,SEM,12934.97214,8982.61954
GR,01/07/2020,SEM,18689.56,12945.14978
GR,01/08/2020,SEM,12716.12246,11327.93546
GR,01/09/2020,SEM,3727.631305,4705.571513
GR,01/10/2020,SEM,2768.021851,3403.492024
GR,01/11/2020,SEM,2856.583532,3323.339024
GR,01/12/2020,SEM,2305.142058,2913.318234
HK,01/01/2019,SEM,7843.496955,13658.32
HK,01/02/2019,SEM,6558.765945,10561.42857
HK,01/03/2019,SEM,14301.7045,22978.05286
HK,01/04/2019,SEM,13261.64729,18418.14
HK,01/05/2019,SEM,14122.8486,20884.24
HK,01/06/2019,SEM,11262.98379,14683.63
HK,01/07/2019,SEM,14556.69229,22254.88572
HK,01/08/2019,SEM,11767.8386,15892.50429
HK,01/09/2019,SEM,9414.05383,11701.43
HK,01/10/2019,SEM,9857.676355,12844.92857
HK,01/11/2019,SEM,5930.3946,9613.644285
HK,01/12/2019,SEM,6622.24243,10696.84572
HK,01/01/2020,SEM,8565.195665,10706.49458
HK,01/02/2020,SEM,8828.57143,9964.285715
HK,01/03/2020,SEM,14811.42857,15771.42857
HK,01/04/2020,SEM,17753.10335,21173.42601
HK,01/05/2020,SEM,20729.20857,27762.3329
HK,01/06/2020,SEM,21276.68302,26079.42943
HK,01/07/2020,SEM,20879.33552,24299.79593
HK,01/08/2020,SEM,20553,27300
HK,01/09/2020,SEM,17339.75559,18683.84879
HK,01/10/2020,SEM,19630.64123,20196.13295
HK,01/11/2020,SEM,19682.77732,22088.45011
HK,01/12/2020,SEM,17755.58007,19098.7918
HR,01/01/2019,SEM,0,0
HR,01/02/2019,SEM,0,0
HR,01/03/2019,SEM,0,0
HR,01/04/2019,SEM,0,0
HR,01/05/2019,SEM,0,0
HR,01/06/2019,SEM,1.9028285,0.13
HR,01/07/2019,SEM,8.209243,16.1657145
HR,01/08/2019,SEM,61.9504285,214.8142855
HR,01/09/2019,SEM,57.8115,119.1
HR,01/10/2019,SEM,35.4548855,67.7485715
HR,01/11/2019,SEM,28.8486,52.702857
HR,01/12/2019,SEM,24.829,47.577143
HR,01/01/2020,SEM,279.2018765,456.3008015
HR,01/02/2020,SEM,285.0025455,479.661147
HR,01/03/2020,SEM,165.170995,296.0053675
HR,01/04/2020,SEM,346.699237,511.1591315
HR,01/05/2020,SEM,517.6738755,900.7146185
HR,01/06/2020,SEM,1190.44906,1763.628237
HR,01/07/2020,SEM,1675.380871,2356.804894
HR,01/08/2020,SEM,1263.511848,2066.855801
HR,01/09/2020,SEM,390.28756,672.161909
HR,01/10/2020,SEM,382.98754,617.721839
HR,01/11/2020,SEM,368.734746,715.858665
HR,01/12/2020,SEM,416.5714285,585
HU,01/01/2019,SEM,3591.786,4696.142857
HU,01/02/2019,SEM,3059.4354,4434.728572
HU,01/03/2019,SEM,4540.795372,5895
HU,01/04/2019,SEM,5262.47017,6607.285715
HU,01/05/2019,SEM,8602.44,11202.13715
HU,01/06/2019,SEM,8393.176285,12417.85286
HU,01/07/2019,SEM,11790.68855,15155.71429
HU,01/08/2019,SEM,10660.056,13458.33429
HU,01/09/2019,SEM,3366.987786,4642.748572
HU,01/10/2019,SEM,3299.8719,4755.142857
HU,01/11/2019,SEM,3159.540086,3920.908572
HU,01/12/2019,SEM,3672.609615,4583.417143
HU,01/01/2020,SEM,4990.142769,5980.454605
HU,01/02/2020,SEM,3778.620003,5294.220335
HU,01/03/2020,SEM,6256.3165,7906.33404
HU,01/04/2020,SEM,6364.26232,9079.45032
HU,01/05/2020,SEM,10448.01818,13182.07901
HU,01/06/2020,SEM,13954.71466,19529.01644
HU,01/07/2020,SEM,17763.06877,21970.11137
HU,01/08/2020,SEM,14061.87233,16478.75664
HU,01/09/2020,SEM,5899.822555,7136.88212
HU,01/10/2020,SEM,4579.581647,6121.222995
HU,01/11/2020,SEM,4528.662667,5216.8418
HU,01/12/2020,SEM,4478.167549,5422.781015
ID,01/01/2019,SEM,268.465757,738.9
ID,01/02/2019,SEM,427.638,1241.34
ID,01/03/2019,SEM,380.8686,857.6742855
ID,01/04/2019,SEM,175.869857,483.14
ID,01/05/2019,SEM,311.6415145,583.95
ID,01/06/2019,SEM,707.3062145,1855.958572
ID,01/07/2019,SEM,2372.870572,6512.554285
ID,01/08/2019,SEM,1126.906686,1995.11
ID,01/09/2019,SEM,1665.846315,3074.25
ID,01/10/2019,SEM,1535.366929,3139.368572
ID,01/11/2019,SEM,2806.225715,5541.98857
ID,01/12/2019,SEM,6682.15143,12766.06286
ID,01/01/2020,SEM,1285.714286,1971.428572
ID,01/02/2020,SEM,1221.428572,2164.285715
ID,01/03/2020,SEM,1221.428572,1928.571429
ID,01/04/2020,SEM,2121.428572,3250
ID,01/05/2020,SEM,2802.857143,4671.428572
ID,01/06/2020,SEM,3030,5100
ID,01/07/2020,SEM,4328.571429,7571.42857
ID,01/08/2020,SEM,3300,5350
ID,01/09/2020,SEM,3030,4900
ID,01/10/2020,SEM,3664.285715,6171.42857
ID,01/11/2020,SEM,4242.857143,6878.57143
ID,01/12/2020,SEM,4855.714286,7542.857145
IE,01/01/2019,SEM,25672.51847,30092.66
IE,01/02/2019,SEM,26838.68315,30326.52857
IE,01/03/2019,SEM,27842.21886,30380.37143
IE,01/04/2019,SEM,30957.18499,33655.81715
IE,01/05/2019,SEM,33757.63376,43017.19715
IE,01/06/2019,SEM,30351.19817,38771.32
IE,01/07/2019,SEM,44176.2659,61901.79285
IE,01/08/2019,SEM,36710.937,43037.17143
IE,01/09/2019,SEM,31672.70315,34056.3
IE,01/10/2019,SEM,29523.11686,27902.01857
IE,01/11/2019,SEM,27040.52277,24277.76
IE,01/12/2019,SEM,22001.27906,21491.59715
IE,01/01/2020,SEM,38285.77894,39067.12137
IE,01/02/2020,SEM,29680,33011.42857
IE,01/03/2020,SEM,33942.85715,29542.85715
IE,01/04/2020,SEM,32685.71429,29228.57143
IE,01/05/2020,SEM,38682.85802,37608.33419
IE,01/06/2020,SEM,42457.52247,42850.64768
IE,01/07/2020,SEM,45785.69335,53579.00285
IE,01/08/2020,SEM,46747.69313,43442.30069
IE,01/09/2020,SEM,35182.58448,33369.0492
IE,01/10/2020,SEM,30750.06204,30422.93372
IE,01/11/2020,SEM,26631.59404,29102.56669
IE,01/12/2020,SEM,23464.04951,21271.14769
IL,01/01/2019,SEM,2529.198915,4330.774286
IL,01/02/2019,SEM,3094.9218,5961.02
IL,01/03/2019,SEM,5256.77297,8694.887145
IL,01/04/2019,SEM,9956.301255,17637.57429
IL,01/05/2019,SEM,16278.91332,23375.62857
IL,01/06/2019,SEM,19008.508,28408.33286
IL,01/07/2019,SEM,28866.93429,41919.42857
IL,01/08/2019,SEM,26796.06569,41536.95429
IL,01/09/2019,SEM,21353.83326,27244.82429
IL,01/10/2019,SEM,11574.49286,13850.88857
IL,01/11/2019,SEM,8208.082685,10197.41143
IL,01/12/2019,SEM,10633.70055,12156.49286
IL,01/01/2020,SEM,16726.2344,20443.17537
IL,01/02/2020,SEM,17970.53063,19143.86424
IL,01/03/2020,SEM,15830.37044,15432.12213
IL,01/04/2020,SEM,25508.27328,30306.85934
IL,01/05/2020,SEM,32235.22993,38682.27592
IL,01/06/2020,SEM,37123.17902,42607.8001
IL,01/07/2020,SEM,47515,63817.4603
IL,01/08/2020,SEM,51935,59547.2222
IL,01/09/2020,SEM,41188.57143,38857.14286
IL,01/10/2020,SEM,38395.71429,45171.42857
IL,01/11/2020,SEM,29750,31369.04762
IL,01/12/2020,SEM,27072.5,32063.88889
IN,01/01/2019,SEM,1418.406,2102.462857
IN,01/02/2019,SEM,1584.651372,2725.285715
IN,01/03/2019,SEM,5400.905945,9502.632855
IN,01/04/2019,SEM,5825.327145,10279.54286
IN,01/05/2019,SEM,9375.126055,13622.7
IN,01/06/2019,SEM,6824.941845,12922.38
IN,01/07/2019,SEM,6539.29397,12205.04143
IN,01/08/2019,SEM,7701.30117,12303.06429
IN,01/09/2019,SEM,8151.91633,16123.95715
IN,01/10/2019,SEM,6646.201155,10604.52429
IN,01/11/2019,SEM,7464.314215,11687.98572
IN,01/12/2019,SEM,16421.1456,23429.75572
IN,01/01/2020,SEM,8262.50442,11415.30216
IN,01/02/2020,SEM,7340.219495,9786.95933
IN,01/03/2020,SEM,6269.28848,7836.6106
IN,01/04/2020,SEM,11918.72251,14492.08305
IN,01/05/2020,SEM,14769.86837,16817.17686
IN,01/06/2020,SEM,16510.96296,20060.04846
IN,01/07/2020,SEM,13294.37411,15848.61728
IN,01/08/2020,SEM,14270.80029,15482.47202
IN,01/09/2020,SEM,13561.89778,17320.90206
IN,01/10/2020,SEM,16244.37603,21587.92077
IN,01/11/2020,SEM,17018.6473,23288.67525
IN,01/12/2020,SEM,23209.98806,26275.45818
IT,01/01/2019,SEM,48875.3265,47043.72
IT,01/02/2019,SEM,55927.83615,48511.52857
IT,01/03/2019,SEM,75489.47985,65775.08
IT,01/04/2019,SEM,107305.5271,88992.3857
IT,01/05/2019,SEM,112420.9203,117019.4629
IT,01/06/2019,SEM,123953.141,103922.65
IT,01/07/2019,SEM,187594.0411,182265.2743
IT,01/08/2019,SEM,205626.7395,194408.3
IT,01/09/2019,SEM,83254.48945,76156.2
IT,01/10/2019,SEM,69730.9907,66033.76
IT,01/11/2019,SEM,88898.10755,73863.83715
IT,01/12/2019,SEM,85727.7643,78075.75
IT,01/01/2020,SEM,64873.6938,56635.76445
IT,01/02/2020,SEM,61440.43475,48838.92
IT,01/03/2020,SEM,84906.1903,85692.3587
IT,01/04/2020,SEM,84257.98525,84017.934
IT,01/05/2020,SEM,123814.3683,96428.6357
IT,01/06/2020,SEM,127303.2595,117873.3885
IT,01/07/2020,SEM,186579.7833,182047.18
IT,01/08/2020,SEM,222308.4343,233715.4643
IT,01/09/2020,SEM,101855.0639,91738.1467
IT,01/10/2020,SEM,64586.03365,70090.379
IT,01/11/2020,SEM,66357.5143,57755.6143
IT,01/12/2020,SEM,75664.4263,65055.393
JP,01/01/2019,SEM,1469.962857,4910.23
JP,01/02/2019,SEM,2992.479943,7467.114285
JP,01/03/2019,SEM,5469.162855,9426.882855
JP,01/04/2019,SEM,7866.7125,10814.7
JP,01/05/2019,SEM,9173.187,14866.97143
JP,01/06/2019,SEM,7133.86273,12563.55
JP,01/07/2019,SEM,10333.27783,16916.13143
JP,01/08/2019,SEM,14198.09786,26629.35
JP,01/09/2019,SEM,13575.63472,25458.35143
JP,01/10/2019,SEM,9106.675845,15196.06429
JP,01/11/2019,SEM,7888.884285,12036.02572
JP,01/12/2019,SEM,4692.609257,6893.305715
JP,01/01/2020,SEM,14039.46608,18366.094
JP,01/02/2020,SEM,12580.94475,17147.36173
JP,01/03/2020,SEM,13928.57143,17828.57143
JP,01/04/2020,SEM,16430.48877,24213.35188
JP,01/05/2020,SEM,19787.61539,22026.58105
JP,01/06/2020,SEM,17540.92466,25902.72745
JP,01/07/2020,SEM,23603.19896,31165.38891
JP,01/08/2020,SEM,25487.87674,37169.82025
JP,01/09/2020,SEM,27823.23025,32817.14337
JP,01/10/2020,SEM,27021.39451,39337.26819
JP,01/11/2020,SEM,29153.85207,32095.98393
JP,01/12/2020,SEM,22356.07995,31393.64419
KR,01/01/2019,SEM,2068.0608,3700.8
KR,01/02/2019,SEM,1594.185443,2296.457143
KR,01/03/2019,SEM,1692.684343,2720.362857
KR,01/04/2019,SEM,3081.8634,6081.177145
KR,01/05/2019,SEM,2942.5006,6230.322855
KR,01/06/2019,SEM,1757.127,2708.571429
KR,01/07/2019,SEM,5583.784215,10600.66286
KR,01/08/2019,SEM,4261.757357,8140.972855
KR,01/09/2019,SEM,3020.4608,5750.49
KR,01/10/2019,SEM,3424.609886,6001.29143
KR,01/11/2019,SEM,4303.945429,8894.46
KR,01/12/2019,SEM,5936.181715,10178.75572
KR,01/01/2020,SEM,4578,5640
KR,01/02/2020,SEM,3917.139379,5360.29599
KR,01/03/2020,SEM,4579.10607,6541.5801
KR,01/04/2020,SEM,4477.020233,6593.54968
KR,01/05/2020,SEM,5065.559555,6744.711755
KR,01/06/2020,SEM,6560.09115,7823.961925
KR,01/07/2020,SEM,9720,12471.42857
KR,01/08/2020,SEM,9620.32622,12244.05156
KR,01/09/2020,SEM,5946.61345,7822.277945
KR,01/10/2020,SEM,6182.12289,8915.714645
KR,01/11/2020,SEM,5892.27459,8505.217785
KR,01/12/2020,SEM,7128.560245,10391.48724
MX,01/01/2019,SEM,4022.253257,5972.014285
MX,01/02/2019,SEM,4695.849,9445.577145
MX,01/03/2019,SEM,15579.51183,21235.11
MX,01/04/2019,SEM,14369.06223,22606.92572
MX,01/05/2019,SEM,13134.39043,22649.92715
MX,01/06/2019,SEM,11055.00766,16221.85715
MX,01/07/2019,SEM,31737.75635,45288.58286
MX,01/08/2019,SEM,26331.29872,41877.77143
MX,01/09/2019,SEM,20611.23577,33924.08
MX,01/10/2019,SEM,25783.19572,32358.02286
MX,01/11/2019,SEM,30530.63109,30366.25715
MX,01/12/2019,SEM,34295.66537,40759.24286
MX,01/01/2020,SEM,29571.42857,30557.14286
MX,01/02/2020,SEM,28703.57143,33235.71429
MX,01/03/2020,SEM,34444.28572,39900
MX,01/04/2020,SEM,34200,39789.47369
MX,01/05/2020,SEM,35068.57143,40800
MX,01/06/2020,SEM,44378.57143,47142.85715
MX,01/07/2020,SEM,55860,60990
MX,01/08/2020,SEM,51720.7143,46699.28572
MX,01/09/2020,SEM,33345,35910
MX,01/10/2020,SEM,34971.42857,35314.28572
MX,01/11/2020,SEM,35357.14286,35714.28572
MX,01/12/2020,SEM,40071.42857,36428.57143
MY,01/01/2019,SEM,1301.642615,2725.38
MY,01/02/2019,SEM,1349.2234,3777.161429
MY,01/03/2019,SEM,2429.679086,5554.902855
MY,01/04/2019,SEM,5358.35803,11969.57143
MY,01/05/2019,SEM,6240.076955,11519.93143
MY,01/06/2019,SEM,3592.8646,7357.98
MY,01/07/2019,SEM,5084.20663,8939.292855
MY,01/08/2019,SEM,6150.748055,12130.71429
MY,01/09/2019,SEM,5210.49163,9159.81143
MY,01/10/2019,SEM,5277.091515,9075.04
MY,01/11/2019,SEM,9382.60903,14962.96
MY,01/12/2019,SEM,17148.80183,25534.6
MY,01/01/2020,SEM,6344.596475,8013.35753
MY,01/02/2020,SEM,6159.417175,8117.710135
MY,01/03/2020,SEM,6154.645295,7928.816005
MY,01/04/2020,SEM,9730.501595,10441.92978
MY,01/05/2020,SEM,12193.24783,13855.96345
MY,01/06/2020,SEM,13986.71568,17483.39459
MY,01/07/2020,SEM,13841.72318,15714.8004
MY,01/08/2020,SEM,14834.96665,18543.70831
MY,01/09/2020,SEM,15096.02516,18472.76763
MY,01/10/2020,SEM,19972.61567,22374.98218
MY,01/11/2020,SEM,22937.77266,26260.53412
MY,01/12/2020,SEM,23024.01,32718.33
NL,01/01/2019,SEM,24223.4421,27836.96572
NL,01/02/2019,SEM,27552.43673,22431.72857
NL,01/03/2019,SEM,34639.4034,31428.12857
NL,01/04/2019,SEM,39836.15177,34161.73715
NL,01/05/2019,SEM,44794.43795,50083.15715
NL,01/06/2019,SEM,40291.89775,32975.1
NL,01/07/2019,SEM,63344.9886,52996.24285
NL,01/08/2019,SEM,53044.1127,52882.59855
NL,01/09/2019,SEM,44849.20515,44462.82857
NL,01/10/2019,SEM,49806.68736,50559.89715
NL,01/11/2019,SEM,38375.25002,36871.66
NL,01/12/2019,SEM,28697.8328,33593.4
NL,01/01/2020,SEM,40233.59161,40233.59161
NL,01/02/2020,SEM,35270.61136,34156.80258
NL,01/03/2020,SEM,36286.0007,39951.25329
NL,01/04/2020,SEM,34344.79824,38729.24057
NL,01/05/2020,SEM,45000,45000
NL,01/06/2020,SEM,58142.85715,48100
NL,01/07/2020,SEM,72685.7143,68142.85715
NL,01/08/2020,SEM,68485.7143,73585.7143
NL,01/09/2020,SEM,47269.50826,43487.9476
NL,01/10/2020,SEM,38223.04121,39721.984
NL,01/11/2020,SEM,26714.79708,29012.84414
NL,01/12/2020,SEM,27071.87695,27332.18346
NO,01/01/2019,SEM,14205.257,15631.42
NO,01/02/2019,SEM,12719.82583,14837.23572
NO,01/03/2019,SEM,17994.14055,17074.8
NO,01/04/2019,SEM,17755.97623,20309.28429
NO,01/05/2019,SEM,20846.2011,22687.47
NO,01/06/2019,SEM,32326.77257,33799.13143
NO,01/07/2019,SEM,46294.0671,47199.21429
NO,01/08/2019,SEM,24350.1,27237.00286
NO,01/09/2019,SEM,15766.4377,20708.01572
NO,01/10/2019,SEM,13994.80942,15605.79857
NO,01/11/2019,SEM,12532.02309,14065.68
NO,01/12/2019,SEM,11364.51286,11207.44
NO,01/01/2020,SEM,26076,25584
NO,01/02/2020,SEM,22386,23462.25
NO,01/03/2020,SEM,20756.25,20963.8125
NO,01/04/2020,SEM,24861.375,20567.1375
NO,01/05/2020,SEM,26420.4,25319.55
NO,01/06/2020,SEM,45663.75,43126.875
NO,01/07/2020,SEM,53166.75,57840.75
NO,01/08/2020,SEM,31355.775,30138.075
NO,01/09/2020,SEM,21906.3,20431.8375
NO,01/10/2020,SEM,22121.55,18468.45
NO,01/11/2020,SEM,19188,17343
NO,01/12/2020,SEM,14529.375,12453.75
NZ,01/01/2019,SEM,13355.27179,17577.07715
NZ,01/02/2019,SEM,10696.588,12302.90715
NZ,01/03/2019,SEM,14195.40143,16266.54857
NZ,01/04/2019,SEM,11560.1136,13033.77429
NZ,01/05/2019,SEM,14895.21446,18074.10857
NZ,01/06/2019,SEM,13540.73452,12957.14857
NZ,01/07/2019,SEM,11691.23992,13912.5
NZ,01/08/2019,SEM,11949.54922,15122.31429
NZ,01/09/2019,SEM,11191.19279,11178.33429
NZ,01/10/2019,SEM,11017.08075,10540.35429
NZ,01/11/2019,SEM,13610.27499,17761.83429
NZ,01/12/2019,SEM,15960.39209,17175.9
NZ,01/01/2020,SEM,17381.69595,18296.52205
NZ,01/02/2020,SEM,16100.54709,19242.97843
NZ,01/03/2020,SEM,19985.92217,19699.0429
NZ,01/04/2020,SEM,17442.25935,16594.86213
NZ,01/05/2020,SEM,16948.4347,17340.25783
NZ,01/06/2020,SEM,13286.67833,16722.36403
NZ,01/07/2020,SEM,15164.14375,15354.17061
NZ,01/08/2020,SEM,15452.98458,15050.12763
NZ,01/09/2020,SEM,14591.1208,14221.3653
NZ,01/10/2020,SEM,12834.78219,13510.29704
NZ,01/11/2020,SEM,14730.8825,15962.25657
NZ,01/12/2020,SEM,15056.99311,16791.0189
PE,01/01/2019,SEM,0,0
PE,01/02/2019,SEM,0,0
PE,01/03/2019,SEM,0,0
PE,01/04/2019,SEM,0,0
PE,01/05/2019,SEM,0,0
PE,01/06/2019,SEM,0,0
PE,01/07/2019,SEM,0,0
PE,01/08/2019,SEM,0,0
PE,01/09/2019,SEM,0,0
PE,01/10/2019,SEM,0,0
PE,01/11/2019,SEM,0.460557,0
PE,01/12/2019,SEM,135.8879,0
PH,01/01/2019,SEM,851.601943,2006.34
PH,01/02/2019,SEM,440.095343,704.25
PH,01/03/2019,SEM,642.8926,1166.22
PH,01/04/2019,SEM,1163.582857,2827.65
PH,01/05/2019,SEM,574.8738285,1204.971429
PH,01/06/2019,SEM,670.557957,1266.142857
PH,01/07/2019,SEM,1267.525286,2601.6
PH,01/08/2019,SEM,1129.420629,1880.537143
PH,01/09/2019,SEM,985.847143,2077.9
PH,01/10/2019,SEM,1056.765715,2219.245715
PH,01/11/2019,SEM,1117.778972,2426.714286
PH,01/12/2019,SEM,2162.774886,4018.79
PH,01/01/2020,SEM,1187.487471,2017.20628
PH,01/02/2020,SEM,1212.783608,2040.374938
PH,01/03/2020,SEM,861.8488735,1317.811734
PH,01/04/2020,SEM,2002.632694,3432.184963
PH,01/05/2020,SEM,2677.100972,4732.249193
PH,01/06/2020,SEM,3646.804293,5408.86875
PH,01/07/2020,SEM,2740.749558,4390.521137
PH,01/08/2020,SEM,2560.655196,4592.479427
PH,01/09/2020,SEM,2630.635917,5212.556355
PH,01/10/2020,SEM,3521.305589,6836.234295
PH,01/11/2020,SEM,3861.517365,7045.575545
PH,01/12/2020,SEM,4165.714286,7482.857145
PL,01/01/2019,SEM,4989.138186,5864.447145
PL,01/02/2019,SEM,6956.945715,8736.75
PL,01/03/2019,SEM,8329.877485,9462.44
PL,01/04/2019,SEM,12284.82766,13490.68
PL,01/05/2019,SEM,12239.02985,16250.75143
PL,01/06/2019,SEM,16168.13876,22284.27143
PL,01/07/2019,SEM,21528.20829,29646.24
PL,01/08/2019,SEM,19580.46557,24787.8
PL,01/09/2019,SEM,13093.79383,15328.77143
PL,01/10/2019,SEM,11306.39789,13826.19143
PL,01/11/2019,SEM,12656.35029,14181.3
PL,01/12/2019,SEM,10814.41863,12582.43715
PL,01/01/2020,SEM,14043.87,15136.171
PL,01/02/2020,SEM,12065.10089,15026.13297
PL,01/03/2020,SEM,15887.54038,17467.00345
PL,01/04/2020,SEM,18108.64337,17720.99657
PL,01/05/2020,SEM,19936.2114,23507.55086
PL,01/06/2020,SEM,29437.98827,33014.56629
PL,01/07/2020,SEM,41896.66552,39820.02957
PL,01/08/2020,SEM,37056.71263,40111.03949
PL,01/09/2020,SEM,20433.5784,20876.41137
PL,01/10/2020,SEM,13843.18719,13670.42902
PL,01/11/2020,SEM,14259.06052,13917.93467
PL,01/12/2020,SEM,17001.38315,15943.88084
PT,01/01/2019,SEM,2771.022172,3010.428572
PT,01/02/2019,SEM,3396.978715,3957.794286
PT,01/03/2019,SEM,5070.0594,5578.062855
PT,01/04/2019,SEM,10792.6689,12366.77143
PT,01/05/2019,SEM,15922.85515,16072.51715
PT,01/06/2019,SEM,13853.99126,13901.55
PT,01/07/2019,SEM,23432.0944,21233.69143
PT,01/08/2019,SEM,20185.0155,21221.13857
PT,01/09/2019,SEM,6795.533955,6748.15143
PT,01/10/2019,SEM,4665.2112,4239.454286
PT,01/11/2019,SEM,3964.431572,3760.731429
PT,01/12/2019,SEM,5988.730945,5605.045715
PT,01/01/2020,SEM,6174.45795,6668.414585
PT,01/02/2020,SEM,5996.625885,5462.27308
PT,01/03/2020,SEM,7881.9,9055.8
PT,01/04/2020,SEM,7198.2,7894.8
PT,01/05/2020,SEM,11579.77158,11818.52976
PT,01/06/2020,SEM,14607.26387,17093.60666
PT,01/07/2020,SEM,25243.6875,24993.75
PT,01/08/2020,SEM,25542,26574
PT,01/09/2020,SEM,9450.920575,11216.47717
PT,01/10/2020,SEM,5991.595805,6571.42766
PT,01/11/2020,SEM,5449.04354,4867.106851
PT,01/12/2020,SEM,5688.72964,5275.003845
RO,01/01/2019,SEM,1238.8943,2137.165715
RO,01/02/2019,SEM,1205.253029,2004.762857
RO,01/03/2019,SEM,1767.527143,3325.142857
RO,01/04/2019,SEM,2589.0514,4388.935715
RO,01/05/2019,SEM,3764.619,6730.885715
RO,01/06/2019,SEM,8721.414645,13003.74857
RO,01/07/2019,SEM,9770.31837,17636.23715
RO,01/08/2019,SEM,6776.15863,10329.15715
RO,01/09/2019,SEM,2057.275157,2804.4
RO,01/10/2019,SEM,2070.782686,2698.575715
RO,01/11/2019,SEM,2466.9414,3149.472857
RO,01/12/2019,SEM,2404.919615,2751.942857
RO,01/01/2020,SEM,3571.140158,4802.815447
RO,01/02/2020,SEM,3032.177727,3846.051945
RO,01/03/2020,SEM,4296.37044,5508.16723
RO,01/04/2020,SEM,4877.205851,5277.616305
RO,01/05/2020,SEM,6052.0171,8158.944545
RO,01/06/2020,SEM,11689.01526,12942.38286
RO,01/07/2020,SEM,16191.19168,24070.37498
RO,01/08/2020,SEM,12086.50598,13343.36487
RO,01/09/2020,SEM,5958.57811,7639.202705
RO,01/10/2020,SEM,4398.316407,5192.224245
RO,01/11/2020,SEM,4481.361868,4932.316522
RO,01/12/2020,SEM,5175.817355,6504.264
RS,01/01/2019,SEM,367.037,644.0142855
RS,01/02/2019,SEM,480.7558,993.6257145
RS,01/03/2019,SEM,804.2482285,1649.022857
RS,01/04/2019,SEM,995.4819715,1959.795715
RS,01/05/2019,SEM,1758.2125,3055.315715
RS,01/06/2019,SEM,3517.9995,4498.26
RS,01/07/2019,SEM,6367.26497,8211.15
RS,01/08/2019,SEM,3442.190415,3777.457143
RS,01/09/2019,SEM,792.5375,1095.48
RS,01/10/2019,SEM,527.2319,677.837143
RS,01/11/2019,SEM,927.648,1298.1
RS,01/12/2019,SEM,1243.690915,1804.884286
RS,01/01/2020,SEM,1780.918992,2071.124094
RS,01/02/2020,SEM,1945.942237,2472.93997
RS,01/03/2020,SEM,1151.82248,1738.120845
RS,01/04/2020,SEM,2185.86257,3094.309979
RS,01/05/2020,SEM,2823.857909,3540.468473
RS,01/06/2020,SEM,6246.45881,5731.17854
RS,01/07/2020,SEM,7360.97839,6247.744005
RS,01/08/2020,SEM,5163.68349,4921.811604
RS,01/09/2020,SEM,1141.175522,1845.388027
RS,01/10/2020,SEM,1962.992005,2649.560745
RS,01/11/2020,SEM,2157.30102,2715.320015
RS,01/12/2020,SEM,2640.942282,3103.661599
RU,01/01/2019,SEM,1883.930657,3234.54
RU,01/02/2019,SEM,2110.079143,4394.751429
RU,01/03/2019,SEM,3254.465286,4841.828572
RU,01/04/2019,SEM,3958.207543,8248.9
RU,01/05/2019,SEM,5081.90997,9978.414285
RU,01/06/2019,SEM,7150.484315,11642.14286
RU,01/07/2019,SEM,7421.337,12949.63857
RU,01/08/2019,SEM,9784.727085,15212.82
RU,01/09/2019,SEM,8150.404215,13558.6
RU,01/10/2019,SEM,6402.786815,10070.42143
RU,01/11/2019,SEM,5591.439355,7335.3
RU,01/12/2019,SEM,4988.367,6606.86
RU,01/01/2020,SEM,6693.83165,10671.32582
RU,01/02/2020,SEM,7817.92795,10645.68912
RU,01/03/2020,SEM,7774.34981,9724.616255
RU,01/04/2020,SEM,10595.57584,13981.7908
RU,01/05/2020,SEM,13244.63844,16101.32516
RU,01/06/2020,SEM,16043.01219,17890.38936
RU,01/07/2020,SEM,17751.4151,20911.05209
RU,01/08/2020,SEM,19238.54859,24683.42084
RU,01/09/2020,SEM,13589.64385,19695.13601
RU,01/10/2020,SEM,11887.40783,14653.65996
RU,01/11/2020,SEM,10735.73393,15532.55122
RU,01/12/2020,SEM,10567.95391,12115.28672
SE,01/01/2019,SEM,26908.9446,31525.05
SE,01/02/2019,SEM,25443.9388,26054.68143
SE,01/03/2019,SEM,31483.585,31404.94
SE,01/04/2019,SEM,32093.02897,36529.14857
SE,01/05/2019,SEM,41118.32633,41857.71429
SE,01/06/2019,SEM,50549.14205,51082.87
SE,01/07/2019,SEM,77716.08765,71128.32285
SE,01/08/2019,SEM,46457.7895,48708.62857
SE,01/09/2019,SEM,36976.77969,34363.57715
SE,01/10/2019,SEM,27160.9117,29109.64286
SE,01/11/2019,SEM,31255.37852,27629
SE,01/12/2019,SEM,30543.5592,29076
SE,01/01/2020,SEM,47668.56307,41195.05451
SE,01/02/2020,SEM,36914.6095,37331.41658
SE,01/03/2020,SEM,34729.4628,35721.73316
SE,01/04/2020,SEM,33259.61996,32009.25831
SE,01/05/2020,SEM,37626.43873,40560.15897
SE,01/06/2020,SEM,52821.2326,59249.2133
SE,01/07/2020,SEM,83958.6136,79160.97855
SE,01/08/2020,SEM,62438.35535,56034.42145
SE,01/09/2020,SEM,52827.6707,45696.28135
SE,01/10/2020,SEM,45991.22528,40399.13455
SE,01/11/2020,SEM,34130.11528,36906.57307
SE,01/12/2020,SEM,30149.56771,30309.08923
SG,01/01/2019,SEM,2196.1152,4139.331429
SG,01/02/2019,SEM,2164.480686,3680.408572
SG,01/03/2019,SEM,5568.63843,10973.33286
SG,01/04/2019,SEM,7802.655145,11751
SG,01/05/2019,SEM,9405.163285,15241.42857
SG,01/06/2019,SEM,4396.215929,7998.45
SG,01/07/2019,SEM,6552.355655,10953.18857
SG,01/08/2019,SEM,7464.8977,10799.28715
SG,01/09/2019,SEM,7749.846255,12626.18143
SG,01/10/2019,SEM,10263.25402,16332.56
SG,01/11/2019,SEM,7909.0011,13115.67429
SG,01/12/2019,SEM,11084.95166,16671.85715
SG,01/01/2020,SEM,4904.356057,6402.909295
SG,01/02/2020,SEM,6885.785255,9477.20981
SG,01/03/2020,SEM,7698.785105,10265.04681
SG,01/04/2020,SEM,10303.03289,13445.09257
SG,01/05/2020,SEM,13272.29379,16457.6443
SG,01/06/2020,SEM,15151.35599,18939.19498
SG,01/07/2020,SEM,12817.2066,17937.12337
SG,01/08/2020,SEM,12990.81256,18159.20035
SG,01/09/2020,SEM,14984.97433,20833.70155
SG,01/10/2020,SEM,20858.16,27115.608
SG,01/11/2020,SEM,16190.94496,20238.6812
SG,01/12/2020,SEM,12648.87926,18361.27634
SI,01/01/2019,SEM,716.546443,1177.811429
SI,01/02/2019,SEM,743.3585715,972.7714285
SI,01/03/2019,SEM,909.3075855,1035.128572
SI,01/04/2019,SEM,1209.353143,1642.911429
SI,01/05/2019,SEM,1478.016715,2415.128572
SI,01/06/2019,SEM,2532.9984,3473.554286
SI,01/07/2019,SEM,4659.770186,6520.257145
SI,01/08/2019,SEM,3610.17,4170.857143
SI,01/09/2019,SEM,1252.923786,1691.407143
SI,01/10/2019,SEM,750.3650145,1076.297143
SI,01/11/2019,SEM,735.958657,844.5257145
SI,01/12/2019,SEM,786.5190855,918.9214285
SI,01/01/2020,SEM,1780.978207,2181.698304
SI,01/02/2020,SEM,1928.855882,2804.179067
SI,01/03/2020,SEM,1252.717708,1896.475419
SI,01/04/2020,SEM,2632.472223,3165.234459
SI,01/05/2020,SEM,2703.722926,3379.653658
SI,01/06/2020,SEM,3381.618235,4019.815795
SI,01/07/2020,SEM,4195.806828,5907.25435
SI,01/08/2020,SEM,3869.843814,4340.011754
SI,01/09/2020,SEM,2415.110566,3138.448136
SI,01/10/2020,SEM,2542.240442,3208.95546
SI,01/11/2020,SEM,2271.776984,2730.501183
SI,01/12/2020,SEM,1958.255091,2753.796222
SK,01/01/2019,SEM,0,297
SK,01/02/2019,SEM,0,261.59
SK,01/03/2019,SEM,0,415.8514285
SK,01/04/2019,SEM,1.398857,624.7685715
SK,01/05/2019,SEM,4.087657,543.792857
SK,01/06/2019,SEM,370.119943,635.9657145
SK,01/07/2019,SEM,913.6855,1381.577143
SK,01/08/2019,SEM,851.4608145,1180.074286
SK,01/09/2019,SEM,500.520457,746.76
SK,01/10/2019,SEM,410.2527,680.0614285
SK,01/11/2019,SEM,514.2142285,716.857143
SK,01/12/2019,SEM,405.032457,585.45
SK,01/01/2020,SEM,886.4192455,1278.147911
SK,01/02/2020,SEM,741.838653,918.4669035
SK,01/03/2020,SEM,829.471516,1117.247348
SK,01/04/2020,SEM,1187.006921,1747.634097
SK,01/05/2020,SEM,1882.054355,2659.738873
SK,01/06/2020,SEM,2381.090516,3329.184309
SK,01/07/2020,SEM,3809.148304,5864.879135
SK,01/08/2020,SEM,3536.924805,5413.660415
SK,01/09/2020,SEM,2117.28132,3116.3448
SK,01/10/2020,SEM,1926.572358,2417.86117
SK,01/11/2020,SEM,1852.408159,2619.015954
SK,01/12/2020,SEM,2036.860488,2509.369409
TH,01/01/2019,SEM,1835.561429,3626.867143
TH,01/02/2019,SEM,2464.069,5128.684285
TH,01/03/2019,SEM,3696.137343,6107.4
TH,01/04/2019,SEM,3714.590572,8077.714285
TH,01/05/2019,SEM,3678.341829,5518.05
TH,01/06/2019,SEM,2665.142229,4703.772857
TH,01/07/2019,SEM,5037.99497,8215.86857
TH,01/08/2019,SEM,3124.2146,6821.434285
TH,01/09/2019,SEM,2285.9298,4301.6
TH,01/10/2019,SEM,3254.621657,6135.507145
TH,01/11/2019,SEM,2231.221143,2751.782857
TH,01/12/2019,SEM,3822.477743,4743.782857
TH,01/01/2020,SEM,3324.026463,4084.424674
TH,01/02/2020,SEM,3472.660608,5485.797195
TH,01/03/2020,SEM,5701.254395,8827.74874
TH,01/04/2020,SEM,8912.68928,10371.12935
TH,01/05/2020,SEM,5913.5986,9226.891435
TH,01/06/2020,SEM,3814.373589,5468.63597
TH,01/07/2020,SEM,7591.07143,9657.142855
TH,01/08/2020,SEM,5627.76472,6717.585825
TH,01/09/2020,SEM,6341.39136,7902.04531
TH,01/10/2020,SEM,8073.536555,12222.43729
TH,01/11/2020,SEM,8998.89992,12478.47456
TH,01/12/2020,SEM,10017.85715,12507.14286
TR,01/01/2019,SEM,1151.113643,1754.657143
TR,01/02/2019,SEM,981.323257,1396.2
TR,01/03/2019,SEM,1340.3096,1785.728572
TR,01/04/2019,SEM,2101.0869,3132.01
TR,01/05/2019,SEM,3823.9182,5931.297145
TR,01/06/2019,SEM,8109.08,11439.3
TR,01/07/2019,SEM,11845.82015,14144.01429
TR,01/08/2019,SEM,4123.046057,6033.02857
TR,01/09/2019,SEM,2124.390229,2430.48
TR,01/10/2019,SEM,1682.921072,2026.247143
TR,01/11/2019,SEM,2743.948429,3772.085715
TR,01/12/2019,SEM,4102.894629,6304.287145
TR,01/01/2020,SEM,2467.347218,3798.488769
TR,01/02/2020,SEM,2893.828135,4753.039161
TR,01/03/2020,SEM,3161.740982,5931.18638
TR,01/04/2020,SEM,3515.758117,6686.644775
TR,01/05/2020,SEM,4332.550302,6912.988195
TR,01/06/2020,SEM,10097.26682,12835.00972
TR,01/07/2020,SEM,12294.84742,14490.35589
TR,01/08/2020,SEM,8384.863515,9644.92649
TR,01/09/2020,SEM,4091.385864,7166.734165
TR,01/10/2020,SEM,2962.675695,5284.846555
TR,01/11/2020,SEM,2134.630198,3481.358952
TR,01/12/2020,SEM,2699.17167,4441.401753
TW,01/01/2019,SEM,9607.5694,17004.42857
TW,01/02/2019,SEM,5997.46063,7082.9
TW,01/03/2019,SEM,6695.712655,9974.72
TW,01/04/2019,SEM,7696.65063,9725.434285
TW,01/05/2019,SEM,7206.9242,8999.79857
TW,01/06/2019,SEM,6091.377345,7844.237145
TW,01/07/2019,SEM,11132.331,13660.45715
TW,01/08/2019,SEM,13062.4605,18598.38857
TW,01/09/2019,SEM,5950.872855,7853.43143
TW,01/10/2019,SEM,7487.652115,10374.01286
TW,01/11/2019,SEM,11238.81355,14157.42857
TW,01/12/2019,SEM,14972.22257,22172.05715
TW,01/01/2020,SEM,8768.57143,12948.57143
TW,01/02/2020,SEM,10178.57143,13300
TW,01/03/2020,SEM,8571.42857,12114.28572
TW,01/04/2020,SEM,11464.28572,14428.57143
TW,01/05/2020,SEM,13092.85715,19685.71429
TW,01/06/2020,SEM,20785.71429,26000
TW,01/07/2020,SEM,27192.85715,39728.57143
TW,01/08/2020,SEM,31178.57143,46285.71429
TW,01/09/2020,SEM,18514.28572,26228.57143
TW,01/10/2020,SEM,21642.85715,26571.42857
TW,01/11/2020,SEM,23657.14286,32571.42857
TW,01/12/2020,SEM,30085.71429,40114.28572
UK,01/01/2019,SEM,224406.5797,225662.2586
UK,01/02/2019,SEM,194448.6617,169722.6515
UK,01/03/2019,SEM,269532.0149,265541.6057
UK,01/04/2019,SEM,214268.5516,207831.9
UK,01/05/2019,SEM,244713.483,239754.84
UK,01/06/2019,SEM,223300.8615,212953.7057
UK,01/07/2019,SEM,320589.8923,332349.8572
UK,01/08/2019,SEM,376323.6323,376147.0357
UK,01/09/2019,SEM,270306.1055,283258.5715
UK,01/10/2019,SEM,321149.4892,310219.2915
UK,01/11/2019,SEM,260210.8871,225687.36
UK,01/12/2019,SEM,210948.873,199144.05
UK,01/01/2020,SEM,277389,257318.1818
UK,01/02/2020,SEM,218178,237150
UK,01/03/2020,SEM,225216,224770.9091
UK,01/04/2020,SEM,267524.7809,229938.6546
UK,01/05/2020,SEM,302875.1733,291226.1281
UK,01/06/2020,SEM,319234.5,252241.3637
UK,01/07/2020,SEM,404838,316918.6364
UK,01/08/2020,SEM,394170.281,365503.3514
UK,01/09/2020,SEM,273086.404,263939.9695
UK,01/10/2020,SEM,241832.3768,224334.3013
UK,01/11/2020,SEM,164861.4984,172435.7804
UK,01/12/2020,SEM,146745.0515,129628.9906
US,01/01/2019,SEM,161688.8234,159513.59
US,01/02/2019,SEM,347149.1104,334880.7
US,01/03/2019,SEM,462518.4389,503586.617
US,01/04/2019,SEM,436081.275,455958.0143
US,01/05/2019,SEM,600129.067,626970.7715
US,01/06/2019,SEM,564672.567,511957.5785
US,01/07/2019,SEM,765517.619,750687.7145
US,01/08/2019,SEM,708602.25,675633.9855
US,01/09/2019,SEM,493653.8156,515145.45
US,01/10/2019,SEM,409955.048,379142.28
US,01/11/2019,SEM,282421.1496,281479.0115
US,01/12/2019,SEM,315234.8959,282890.0743
US,01/01/2020,SEM,563936.298,547121.108
US,01/02/2020,SEM,493999.9583,546359.401
US,01/03/2020,SEM,751275,722250
US,01/04/2020,SEM,644490,712800
US,01/05/2020,SEM,767970,731400
US,01/06/2020,SEM,1054462.5,965250
US,01/07/2020,SEM,1265670,1266900
US,01/08/2020,SEM,1142190,1121100
US,01/09/2020,SEM,859792.5,842700
US,01/10/2020,SEM,842625,682500
US,01/11/2020,SEM,607005,615000
US,01/12/2020,SEM,704359.0355,589316.861
UY,01/01/2019,SEM,0,0
UY,01/02/2019,SEM,0,0
UY,01/03/2019,SEM,0,0
UY,01/04/2019,SEM,0,0
UY,01/05/2019,SEM,0,0
UY,01/06/2019,SEM,0,0
UY,01/07/2019,SEM,0,0
UY,01/08/2019,SEM,0,0
UY,01/09/2019,SEM,0,0
UY,01/10/2019,SEM,0,0
UY,01/11/2019,SEM,0,0
UY,01/12/2019,SEM,51.775657,0
VN,01/01/2019,SEM,70.3402,439.8
VN,01/02/2019,SEM,433.2225,1888.602857
VN,01/03/2019,SEM,465.768,1219.791429
VN,01/04/2019,SEM,1344.986115,3424.68
VN,01/05/2019,SEM,442.9451,1124.685715
VN,01/06/2019,SEM,845.001143,1363.7
VN,01/07/2019,SEM,1932.498857,3959.817143
VN,01/08/2019,SEM,1347.873286,2883.654286
VN,01/09/2019,SEM,434.945257,828.9342855
VN,01/10/2019,SEM,420.4571145,636.8142855
VN,01/11/2019,SEM,674.5959,1225.302857
VN,01/12/2019,SEM,1323.978257,2879.144286
VN,01/01/2020,SEM,806.142857,1555.714286
VN,01/02/2020,SEM,671.7857145,1296.428572
VN,01/03/2020,SEM,1386,2121.428572
VN,01/04/2020,SEM,2142.857143,3500
VN,01/05/2020,SEM,1569.6,2496
VN,01/06/2020,SEM,1579.885715,2770.285715
VN,01/07/2020,SEM,3000,5450
VN,01/08/2020,SEM,2314.285715,4200
VN,01/09/2020,SEM,1985.657143,2900.571429
VN,01/10/2020,SEM,1571.142857,2571.428572
VN,01/11/2020,SEM,2065.885715,3301.714286
VN,01/12/2020,SEM,2507.142857,4500
ZA,01/01/2019,SEM,1463.612229,2985.557143
ZA,01/02/2019,SEM,2527.937886,5068.74857
ZA,01/03/2019,SEM,2620.871315,4711.7
ZA,01/04/2019,SEM,1282.524686,2110.428572
ZA,01/05/2019,SEM,1371.491657,2288.777143
ZA,01/06/2019,SEM,1731.656915,3405.285715
ZA,01/07/2019,SEM,3131.687886,6010.92143
ZA,01/08/2019,SEM,4596.159086,8731.84
ZA,01/09/2019,SEM,3854.614286,6212.18
ZA,01/10/2019,SEM,3054.945715,4936.642857
ZA,01/11/2019,SEM,3350.3938,5230.877145
ZA,01/12/2019,SEM,6690.4552,11088.28286
ZA,01/01/2020,SEM,4941.866181,7483.39736
ZA,01/02/2020,SEM,4056.599734,5857.45584
ZA,01/03/2020,SEM,3322.095007,4458.222737
ZA,01/04/2020,SEM,4459.304128,6573.746205
ZA,01/05/2020,SEM,5660.66108,7464.608015
ZA,01/06/2020,SEM,5151.56399,7279.3839
ZA,01/07/2020,SEM,6684.014925,8133.986415
ZA,01/08/2020,SEM,8397.795635,10786.15954
ZA,01/09/2020,SEM,8225.490985,13666.57664
ZA,01/10/2020,SEM,10563.05219,13596.00776
ZA,01/11/2020,SEM,12232.39383,16352.61036
ZA,01/12/2020,SEM,11671.27484,15390.6921
